review_id,status,name,code,review_type,target,issue,comparison,first_detected,last_detected,resolved_at,operator_memo,event_id
386380-데이터확인,미해결,스카이랩스,386380,데이터 확인,처리오류,"종목 처리 중 오류로 건너뜀: HTTPSConnectionPool(host='apis.data.go.kr', port=443): Max retries exceeded with url: /1160100/GetStocIssuInfoService_V3/getLockUpRetuInfo_V3?serviceKey=<REDACTED>&pageNo=1&numOfRows=100&resultType=json&stckIssuCmpyNm=%EC%8A%A4%EC%B9%B4%EC%9D%B4%EB%9E%A9%EC%8A%A4 (Caused by ConnectTimeoutError(<HTTPSConnection(host='apis.data.go.kr', port=443) at 0x7f246d509370>, 'Connection to apis.data.go.kr timed out. (connect timeout=30)'))",,2026-09-06 15:39:09,2026-09-12 01:07:18,,다음 배치에서 자동 재시도됨,
0155E0-데이터확인,미해결,해치텍,0155E0,데이터 확인,처리오류,"종목 처리 중 오류로 건너뜀: HTTPSConnectionPool(host='apis.data.go.kr', port=443): Max retries exceeded with url: /1160100/GetStocIssuInfoService_V3/getLockUpRetuInfo_V3?serviceKey=<REDACTED>&pageNo=1&numOfRows=100&resultType=json&stckIssuCmpyNm=%ED%95%B4%EC%B9%98%ED%85%8D (Caused by ConnectTimeoutError(<HTTPSConnection(host='apis.data.go.kr', port=443) at 0x7f247fe8f740>, 'Connection to apis.data.go.kr timed out. (connect timeout=30)'))",,2026-08-28 22:32:08,2026-09-12 01:06:48,,다음 배치에서 자동 재시도됨,
417030-데이터확인,미해결,니어스랩,417030,데이터 확인,처리오류,"종목 처리 중 오류로 건너뜀: HTTPSConnectionPool(host='apis.data.go.kr', port=443): Max retries exceeded with url: /1160100/GetStocIssuInfoService_V3/getLockUpRetuInfo_V3?serviceKey=<REDACTED>&pageNo=1&numOfRows=100&resultType=json&stckIssuCmpyNm=%EB%8B%88%EC%96%B4%EC%8A%A4%EB%9E%A9 (Caused by ConnectTimeoutError(<HTTPSConnection(host='apis.data.go.kr', port=443) at 0x7f247fe8e6c0>, 'Connection to apis.data.go.kr timed out. (connect timeout=30)'))",,2026-08-28 22:31:38,2026-09-12 01:06:17,,다음 배치에서 자동 재시도됨,
282620-데이터확인,미해결,기도산업,282620,데이터 확인,처리오류,"종목 처리 중 오류로 건너뜀: HTTPSConnectionPool(host='apis.data.go.kr', port=443): Max retries exceeded with url: /1160100/GetStocIssuInfoService_V3/getLockUpRetuInfo_V3?serviceKey=<REDACTED>&pageNo=1&numOfRows=100&resultType=json&stckIssuCmpyNm=%EA%B8%B0%EB%8F%84%EC%82%B0%EC%97%85 (Caused by ConnectTimeoutError(<HTTPSConnection(host='apis.data.go.kr', port=443) at 0x7f246d96fce0>, 'Connection to apis.data.go.kr timed out. (connect timeout=30)'))",,2026-08-28 12:07:59,2026-09-12 01:05:47,,candidate_tables=0,
950260-데이터확인,미해결,인제니아테라퓨틱스,950260,데이터 확인,처리오류,"종목 처리 중 오류로 건너뜀: HTTPSConnectionPool(host='apis.data.go.kr', port=443): Max retries exceeded with url: /1160100/GetStocIssuInfoService_V3/getLockUpRetuInfo_V3?serviceKey=<REDACTED>&pageNo=1&numOfRows=100&resultType=json&stckIssuCmpyNm=%EC%9D%B8%EC%A0%9C%EB%8B%88%EC%95%84%ED%85%8C%EB%9D%BC%ED%93%A8%ED%8B%B1%EC%8A%A4 (Caused by ConnectTimeoutError(<HTTPSConnection(host='apis.data.go.kr', port=443) at 0x7f247fe08530>, 'Connection to apis.data.go.kr timed out. (connect timeout=30)'))",,2026-08-28 22:30:36,2026-09-12 01:05:10,,다음 배치에서 자동 재시도됨,
487400-데이터확인,미해결,케이앤에스아이앤씨,487400,데이터 확인,처리오류,"종목 처리 중 오류로 건너뜀: HTTPSConnectionPool(host='apis.data.go.kr', port=443): Max retries exceeded with url: /1160100/GetStocIssuInfoService_V3/getLockUpRetuInfo_V3?serviceKey=<REDACTED>&pageNo=1&numOfRows=100&resultType=json&stckIssuCmpyNm=%EC%BC%80%EC%9D%B4%EC%95%A4%EC%97%90%EC%8A%A4%EC%95%84%EC%9D%B4%EC%95%A4%EC%94%A8 (Caused by ConnectTimeoutError(<HTTPSConnection(host='apis.data.go.kr', port=443) at 0x7f247ff0e750>, 'Connection to apis.data.go.kr timed out. (connect timeout=30)'))",,2026-08-15 12:55:21,2026-09-12 01:04:39,,다음 배치에서 자동 재시도됨,
483350-데이터확인,미해결,딜리셔스,483350,데이터 확인,처리오류,"종목 처리 중 오류로 건너뜀: HTTPSConnectionPool(host='apis.data.go.kr', port=443): Max retries exceeded with url: /1160100/GetStocIssuInfoService_V3/getLockUpRetuInfo_V3?serviceKey=<REDACTED>&pageNo=1&numOfRows=100&resultType=json&stckIssuCmpyNm=%EB%94%9C%EB%A6%AC%EC%85%94%EC%8A%A4 (Caused by ConnectTimeoutError(<HTTPSConnection(host='apis.data.go.kr', port=443) at 0x7f246e2ddeb0>, 'Connection to apis.data.go.kr timed out. (connect timeout=30)'))",,2026-08-13 03:44:19,2026-09-12 01:04:09,,candidate_tables=0,
0156T0-데이터확인,미해결,에이치엘지노믹스,0156T0,데이터 확인,처리오류,"종목 처리 중 오류로 건너뜀: HTTPSConnectionPool(host='apis.data.go.kr', port=443): Max retries exceeded with url: /1160100/GetStocIssuInfoService_V3/getLockUpRetuInfo_V3?serviceKey=<REDACTED>&pageNo=1&numOfRows=100&resultType=json&stckIssuCmpyNm=%EC%97%90%EC%9D%B4%EC%B9%98%EC%97%98%EC%A7%80%EB%85%B8%EB%AF%B9%EC%8A%A4 (Caused by ConnectTimeoutError(<HTTPSConnection(host='apis.data.go.kr', port=443) at 0x7f247816f5f0>, 'Connection to apis.data.go.kr timed out. (connect timeout=30)'))",,2026-07-25 03:56:20,2026-09-12 01:03:39,,candidate_tables=0,
387690-데이터확인,미해결,레메디,387690,데이터 확인,처리오류,"종목 처리 중 오류로 건너뜀: HTTPSConnectionPool(host='apis.data.go.kr', port=443): Max retries exceeded with url: /1160100/GetStocIssuInfoService_V3/getLockUpRetuInfo_V3?serviceKey=<REDACTED>&pageNo=1&numOfRows=100&resultType=json&stckIssuCmpyNm=%EB%A0%88%EB%A9%94%EB%94%94 (Caused by ConnectTimeoutError(<HTTPSConnection(host='apis.data.go.kr', port=443) at 0x7f247fcb0f50>, 'Connection to apis.data.go.kr timed out. (connect timeout=30)'))",,2026-07-14 05:35:42,2026-09-12 01:03:08,,candidate_tables=0,
365660-데이터확인,미해결,레몬헬스케어,365660,데이터 확인,처리오류,"종목 처리 중 오류로 건너뜀: HTTPSConnectionPool(host='apis.data.go.kr', port=443): Max retries exceeded with url: /1160100/GetStocIssuInfoService_V3/getLockUpRetuInfo_V3?serviceKey=<REDACTED>&pageNo=1&numOfRows=100&resultType=json&stckIssuCmpyNm=%EB%A0%88%EB%AA%AC%ED%97%AC%EC%8A%A4%EC%BC%80%EC%96%B4 (Caused by ConnectTimeoutError(<HTTPSConnection(host='apis.data.go.kr', port=443) at 0x7f24736f7f80>, 'Connection to apis.data.go.kr timed out. (connect timeout=30)'))",,2026-08-04 01:28:16,2026-09-12 01:02:38,,다음 배치에서 자동 재시도됨,
0039P0-데이터확인,미해결,매드업,0039P0,데이터 확인,처리오류,"종목 처리 중 오류로 건너뜀: HTTPSConnectionPool(host='apis.data.go.kr', port=443): Max retries exceeded with url: /1160100/GetStocIssuInfoService_V3/getLockUpRetuInfo_V3?serviceKey=<REDACTED>&pageNo=1&numOfRows=100&resultType=json&stckIssuCmpyNm=%EB%A7%A4%EB%93%9C%EC%97%85 (Caused by ConnectTimeoutError(<HTTPSConnection(host='apis.data.go.kr', port=443) at 0x7f246e001820>, 'Connection to apis.data.go.kr timed out. (connect timeout=30)'))",,2026-08-04 01:27:46,2026-09-12 01:02:08,,다음 배치에서 자동 재시도됨,
475040-데이터확인,미해결,스트라드비젼,475040,데이터 확인,처리오류,"종목 처리 중 오류로 건너뜀: HTTPSConnectionPool(host='apis.data.go.kr', port=443): Max retries exceeded with url: /1160100/GetStocIssuInfoService_V3/getLockUpRetuInfo_V3?serviceKey=<REDACTED>&pageNo=1&numOfRows=100&resultType=json&stckIssuCmpyNm=%EC%8A%A4%ED%8A%B8%EB%9D%BC%EB%93%9C%EB%B9%84%EC%A0%BC (Caused by ConnectTimeoutError(<HTTPSConnection(host='apis.data.go.kr', port=443) at 0x7f247ff0be30>, 'Connection to apis.data.go.kr timed out. (connect timeout=30)'))",,2026-08-04 01:27:16,2026-09-12 01:01:38,,다음 배치에서 자동 재시도됨,
153890-데이터확인,미해결,져스텍,153890,데이터 확인,처리오류,"종목 처리 중 오류로 건너뜀: HTTPSConnectionPool(host='apis.data.go.kr', port=443): Max retries exceeded with url: /1160100/GetStocIssuInfoService_V3/getLockUpRetuInfo_V3?serviceKey=<REDACTED>&pageNo=1&numOfRows=100&resultType=json&stckIssuCmpyNm=%EC%A0%B8%EC%8A%A4%ED%85%8D (Caused by ConnectTimeoutError(<HTTPSConnection(host='apis.data.go.kr', port=443) at 0x7f247fe07770>, 'Connection to apis.data.go.kr timed out. (connect timeout=30)'))",,2026-08-04 01:26:45,2026-09-12 01:01:08,,다음 배치에서 자동 재시도됨,
0117P0-데이터확인,미해결,피스피스스튜디오,0117P0,데이터 확인,처리오류,"종목 처리 중 오류로 건너뜀: HTTPSConnectionPool(host='apis.data.go.kr', port=443): Max retries exceeded with url: /1160100/GetStocIssuInfoService_V3/getLockUpRetuInfo_V3?serviceKey=<REDACTED>&pageNo=1&numOfRows=100&resultType=json&stckIssuCmpyNm=%ED%94%BC%EC%8A%A4%ED%94%BC%EC%8A%A4%EC%8A%A4%ED%8A%9C%EB%94%94%EC%98%A4 (Caused by ConnectTimeoutError(<HTTPSConnection(host='apis.data.go.kr', port=443) at 0x7f246e001be0>, 'Connection to apis.data.go.kr timed out. (connect timeout=30)'))",,2026-07-16 16:02:28,2026-09-12 01:00:38,,candidate_tables=0,
477850-데이터확인,미해결,마키나락스,477850,데이터 확인,처리오류,"종목 처리 중 오류로 건너뜀: HTTPSConnectionPool(host='apis.data.go.kr', port=443): Max retries exceeded with url: /1160100/GetStocIssuInfoService_V3/getLockUpRetuInfo_V3?serviceKey=<REDACTED>&pageNo=1&numOfRows=100&resultType=json&stckIssuCmpyNm=%EB%A7%88%ED%82%A4%EB%82%98%EB%9D%BD%EC%8A%A4 (Caused by ConnectTimeoutError(<HTTPSConnection(host='apis.data.go.kr', port=443) at 0x7f246e000050>, 'Connection to apis.data.go.kr timed out. (connect timeout=30)'))",,2026-08-04 01:25:45,2026-09-12 01:00:08,,다음 배치에서 자동 재시도됨,
487580-데이터확인,미해결,폴레드,487580,데이터 확인,처리오류,"종목 처리 중 오류로 건너뜀: HTTPSConnectionPool(host='apis.data.go.kr', port=443): Max retries exceeded with url: /1160100/GetStocIssuInfoService_V3/getLockUpRetuInfo_V3?serviceKey=<REDACTED>&pageNo=1&numOfRows=100&resultType=json&stckIssuCmpyNm=%ED%8F%B4%EB%A0%88%EB%93%9C (Caused by ConnectTimeoutError(<HTTPSConnection(host='apis.data.go.kr', port=443) at 0x7f24736f4440>, 'Connection to apis.data.go.kr timed out. (connect timeout=30)'))",,2026-08-04 01:25:15,2026-09-12 00:59:37,,다음 배치에서 자동 재시도됨,
439960-데이터확인,미해결,코스모로보틱스,439960,데이터 확인,처리오류,"종목 처리 중 오류로 건너뜀: HTTPSConnectionPool(host='apis.data.go.kr', port=443): Max retries exceeded with url: /1160100/GetStocIssuInfoService_V3/getLockUpRetuInfo_V3?serviceKey=<REDACTED>&pageNo=1&numOfRows=100&resultType=json&stckIssuCmpyNm=%EC%BD%94%EC%8A%A4%EB%AA%A8%EB%A1%9C%EB%B3%B4%ED%8B%B1%EC%8A%A4 (Caused by ConnectTimeoutError(<HTTPSConnection(host='apis.data.go.kr', port=443) at 0x7f247fd4aae0>, 'Connection to apis.data.go.kr timed out. (connect timeout=30)'))",,2026-08-04 01:24:45,2026-09-12 00:59:07,,다음 배치에서 자동 재시도됨,
0011T0-데이터확인,미해결,채비,0011T0,데이터 확인,처리오류,"종목 처리 중 오류로 건너뜀: HTTPSConnectionPool(host='apis.data.go.kr', port=443): Max retries exceeded with url: /1160100/GetStocIssuInfoService_V3/getLockUpRetuInfo_V3?serviceKey=<REDACTED>&pageNo=1&numOfRows=100&resultType=json&stckIssuCmpyNm=%EC%B1%84%EB%B9%84 (Caused by ConnectTimeoutError(<HTTPSConnection(host='apis.data.go.kr', port=443) at 0x7f247e5040b0>, 'Connection to apis.data.go.kr timed out. (connect timeout=30)'))",,2026-08-04 01:24:14,2026-09-12 00:58:37,,다음 배치에서 자동 재시도됨,
0007J0-데이터확인,미해결,인벤테라,0007J0,데이터 확인,처리오류,"종목 처리 중 오류로 건너뜀: HTTPSConnectionPool(host='apis.data.go.kr', port=443): Max retries exceeded with url: /1160100/GetStocIssuInfoService_V3/getLockUpRetuInfo_V3?serviceKey=<REDACTED>&pageNo=1&numOfRows=100&resultType=json&stckIssuCmpyNm=%EC%9D%B8%EB%B2%A4%ED%85%8C%EB%9D%BC (Caused by ConnectTimeoutError(<HTTPSConnection(host='apis.data.go.kr', port=443) at 0x7f246e2927b0>, 'Connection to apis.data.go.kr timed out. (connect timeout=30)'))",,2026-07-10 15:32:31,2026-09-12 00:58:07,,다음 배치에서 자동 재시도됨,
394420-데이터확인,미해결,리센스메디컬,394420,데이터 확인,처리오류,"종목 처리 중 오류로 건너뜀: HTTPSConnectionPool(host='apis.data.go.kr', port=443): Max retries exceeded with url: /1160100/GetStocIssuInfoService_V3/getLockUpRetuInfo_V3?serviceKey=<REDACTED>&pageNo=1&numOfRows=100&resultType=json&stckIssuCmpyNm=%EB%A6%AC%EC%84%BC%EC%8A%A4%EB%A9%94%EB%94%94%EC%BB%AC (Caused by ConnectTimeoutError(<HTTPSConnection(host='apis.data.go.kr', port=443) at 0x7f247fc61bb0>, 'Connection to apis.data.go.kr timed out. (connect timeout=30)'))",,2026-08-04 01:23:14,2026-09-12 00:57:36,,다음 배치에서 자동 재시도됨,
0088M0-데이터확인,미해결,메쥬,0088M0,데이터 확인,처리오류,"종목 처리 중 오류로 건너뜀: HTTPSConnectionPool(host='apis.data.go.kr', port=443): Max retries exceeded with url: /1160100/GetStocIssuInfoService_V3/getLockUpRetuInfo_V3?serviceKey=<REDACTED>&pageNo=1&numOfRows=100&resultType=json&stckIssuCmpyNm=%EB%A9%94%EC%A5%AC (Caused by ConnectTimeoutError(<HTTPSConnection(host='apis.data.go.kr', port=443) at 0x7f2478978680>, 'Connection to apis.data.go.kr timed out. (connect timeout=30)'))",,2026-08-04 01:22:44,2026-09-12 00:57:06,,다음 배치에서 자동 재시도됨,
408470-데이터확인,미해결,한패스,408470,데이터 확인,처리오류,"종목 처리 중 오류로 건너뜀: HTTPSConnectionPool(host='apis.data.go.kr', port=443): Max retries exceeded with url: /1160100/GetStocIssuInfoService_V3/getLockUpRetuInfo_V3?serviceKey=<REDACTED>&pageNo=1&numOfRows=100&resultType=json&stckIssuCmpyNm=%ED%95%9C%ED%8C%A8%EC%8A%A4 (Caused by ConnectTimeoutError(<HTTPSConnection(host='apis.data.go.kr', port=443) at 0x7f2478b268d0>, 'Connection to apis.data.go.kr timed out. (connect timeout=30)'))",,2026-08-04 01:22:14,2026-09-12 00:56:36,,다음 배치에서 자동 재시도됨,
493280-데이터확인,미해결,아이엠바이오로직스,493280,데이터 확인,처리오류,"종목 처리 중 오류로 건너뜀: HTTPSConnectionPool(host='apis.data.go.kr', port=443): Max retries exceeded with url: /1160100/GetStocIssuInfoService_V3/getLockUpRetuInfo_V3?serviceKey=<REDACTED>&pageNo=1&numOfRows=100&resultType=json&stckIssuCmpyNm=%EC%95%84%EC%9D%B4%EC%97%A0%EB%B0%94%EC%9D%B4%EC%98%A4%EB%A1%9C%EC%A7%81%EC%8A%A4 (Caused by ConnectTimeoutError(<HTTPSConnection(host='apis.data.go.kr', port=443) at 0x7f246e0033b0>, 'Connection to apis.data.go.kr timed out. (connect timeout=30)'))",,2026-08-04 01:21:43,2026-09-12 00:56:06,,다음 배치에서 자동 재시도됨,
0082N0-데이터확인,미해결,카나프테라퓨틱스,0082N0,데이터 확인,처리오류,"종목 처리 중 오류로 건너뜀: HTTPSConnectionPool(host='apis.data.go.kr', port=443): Max retries exceeded with url: /1160100/GetStocIssuInfoService_V3/getLockUpRetuInfo_V3?serviceKey=<REDACTED>&pageNo=1&numOfRows=100&resultType=json&stckIssuCmpyNm=%EC%B9%B4%EB%82%98%ED%94%84%ED%85%8C%EB%9D%BC%ED%93%A8%ED%8B%B1%EC%8A%A4 (Caused by ConnectTimeoutError(<HTTPSConnection(host='apis.data.go.kr', port=443) at 0x7f2475c40860>, 'Connection to apis.data.go.kr timed out. (connect timeout=30)'))",,2026-08-04 01:21:13,2026-09-12 00:55:36,,다음 배치에서 자동 재시도됨,
0011A0-데이터확인,미해결,액스비스,0011A0,데이터 확인,처리오류,"종목 처리 중 오류로 건너뜀: HTTPSConnectionPool(host='apis.data.go.kr', port=443): Max retries exceeded with url: /1160100/GetStocIssuInfoService_V3/getLockUpRetuInfo_V3?serviceKey=<REDACTED>&pageNo=1&numOfRows=100&resultType=json&stckIssuCmpyNm=%EC%95%A1%EC%8A%A4%EB%B9%84%EC%8A%A4 (Caused by ConnectTimeoutError(<HTTPSConnection(host='apis.data.go.kr', port=443) at 0x7f246e2deb40>, 'Connection to apis.data.go.kr timed out. (connect timeout=30)'))",,2026-08-04 01:20:43,2026-09-12 00:55:06,,다음 배치에서 자동 재시도됨,
458350-데이터확인,미해결,에스팀,458350,데이터 확인,처리오류,"종목 처리 중 오류로 건너뜀: HTTPSConnectionPool(host='apis.data.go.kr', port=443): Max retries exceeded with url: /1160100/GetStocIssuInfoService_V3/getLockUpRetuInfo_V3?serviceKey=<REDACTED>&pageNo=1&numOfRows=100&resultType=json&stckIssuCmpyNm=%EC%97%90%EC%8A%A4%ED%8C%80 (Caused by ConnectTimeoutError(<HTTPSConnection(host='apis.data.go.kr', port=443) at 0x7f246e003ec0>, 'Connection to apis.data.go.kr timed out. (connect timeout=30)'))",,2026-07-22 12:54:13,2026-09-12 00:54:36,,수기입력 탭 확인 필요,
279570-데이터확인,미해결,케이뱅크,279570,데이터 확인,처리오류,"종목 처리 중 오류로 건너뜀: HTTPSConnectionPool(host='apis.data.go.kr', port=443): Max retries exceeded with url: /1160100/GetStocIssuInfoService_V3/getLockUpRetuInfo_V3?serviceKey=<REDACTED>&pageNo=1&numOfRows=100&resultType=json&stckIssuCmpyNm=%EC%BC%80%EC%9D%B4%EB%B1%85%ED%81%AC (Caused by ConnectTimeoutError(<HTTPSConnection(host='apis.data.go.kr', port=443) at 0x7f246e001460>, 'Connection to apis.data.go.kr timed out. (connect timeout=30)'))",,2026-08-04 01:19:43,2026-09-12 00:54:06,,다음 배치에서 자동 재시도됨,
0001A0-데이터확인,미해결,덕양에너젠,0001A0,데이터 확인,처리오류,"종목 처리 중 오류로 건너뜀: HTTPSConnectionPool(host='apis.data.go.kr', port=443): Max retries exceeded with url: /1160100/GetStocIssuInfoService_V3/getLockUpRetuInfo_V3?serviceKey=<REDACTED>&pageNo=1&numOfRows=100&resultType=json&stckIssuCmpyNm=%EB%8D%95%EC%96%91%EC%97%90%EB%84%88%EC%A0%A0 (Caused by ConnectTimeoutError(<HTTPSConnection(host='apis.data.go.kr', port=443) at 0x7f2478b27140>, 'Connection to apis.data.go.kr timed out. (connect timeout=30)'))",,2026-08-04 01:19:13,2026-09-12 00:53:36,,다음 배치에서 자동 재시도됨,
490470-데이터확인,미해결,세미파이브,490470,데이터 확인,처리오류,"종목 처리 중 오류로 건너뜀: HTTPSConnectionPool(host='apis.data.go.kr', port=443): Max retries exceeded with url: /1160100/GetStocIssuInfoService_V3/getLockUpRetuInfo_V3?serviceKey=<REDACTED>&pageNo=1&numOfRows=100&resultType=json&stckIssuCmpyNm=%EC%84%B8%EB%AF%B8%ED%8C%8C%EC%9D%B4%EB%B8%8C (Caused by ConnectTimeoutError(<HTTPSConnection(host='apis.data.go.kr', port=443) at 0x7f246e2909b0>, 'Connection to apis.data.go.kr timed out. (connect timeout=30)'))",,2026-08-03 13:37:40,2026-09-12 00:53:06,,다음 배치에서 자동 재시도됨,
491000-데이터확인,미해결,리브스메드,491000,데이터 확인,처리오류,"종목 처리 중 오류로 건너뜀: HTTPSConnectionPool(host='apis.data.go.kr', port=443): Max retries exceeded with url: /1160100/GetStocIssuInfoService_V3/getLockUpRetuInfo_V3?serviceKey=<REDACTED>&pageNo=1&numOfRows=100&resultType=json&stckIssuCmpyNm=%EB%A6%AC%EB%B8%8C%EC%8A%A4%EB%A9%94%EB%93%9C (Caused by ConnectTimeoutError(<HTTPSConnection(host='apis.data.go.kr', port=443) at 0x7f247fcb0f50>, 'Connection to apis.data.go.kr timed out. (connect timeout=30)'))",,2026-07-10 15:32:41,2026-09-12 00:52:36,,다음 배치에서 자동 재시도됨,
0013V0-데이터확인,미해결,삼진식품,0013V0,데이터 확인,처리오류,"종목 처리 중 오류로 건너뜀: HTTPSConnectionPool(host='apis.data.go.kr', port=443): Max retries exceeded with url: /1160100/GetStocIssuInfoService_V3/getLockUpRetuInfo_V3?serviceKey=<REDACTED>&pageNo=1&numOfRows=100&resultType=json&stckIssuCmpyNm=%EC%82%BC%EC%A7%84%EC%8B%9D%ED%92%88 (Caused by ConnectTimeoutError(<HTTPSConnection(host='apis.data.go.kr', port=443) at 0x7f246e2ddcd0>, 'Connection to apis.data.go.kr timed out. (connect timeout=30)'))",,2026-07-10 20:26:23,2026-09-12 00:52:05,,candidate_tables=0,
476830-데이터확인,미해결,알지노믹스,476830,데이터 확인,처리오류,"종목 처리 중 오류로 건너뜀: HTTPSConnectionPool(host='apis.data.go.kr', port=443): Max retries exceeded with url: /1160100/GetStocIssuInfoService_V3/getLockUpRetuInfo_V3?serviceKey=<REDACTED>&pageNo=1&numOfRows=100&resultType=json&stckIssuCmpyNm=%EC%95%8C%EC%A7%80%EB%85%B8%EB%AF%B9%EC%8A%A4 (Caused by ConnectTimeoutError(<HTTPSConnection(host='apis.data.go.kr', port=443) at 0x7f247fe08e90>, 'Connection to apis.data.go.kr timed out. (connect timeout=30)'))",,2026-08-04 01:17:12,2026-09-12 00:51:35,,다음 배치에서 자동 재시도됨,
478340-데이터확인,미해결,나라스페이스테크놀로지,478340,데이터 확인,처리오류,"종목 처리 중 오류로 건너뜀: HTTPSConnectionPool(host='apis.data.go.kr', port=443): Max retries exceeded with url: /1160100/GetStocIssuInfoService_V3/getLockUpRetuInfo_V3?serviceKey=<REDACTED>&pageNo=1&numOfRows=100&resultType=json&stckIssuCmpyNm=%EB%82%98%EB%9D%BC%EC%8A%A4%ED%8E%98%EC%9D%B4%EC%8A%A4%ED%85%8C%ED%81%AC%EB%86%80%EB%A1%9C%EC%A7%80 (Caused by ConnectTimeoutError(<HTTPSConnection(host='apis.data.go.kr', port=443) at 0x7f246e291010>, 'Connection to apis.data.go.kr timed out. (connect timeout=30)'))",,2026-07-10 17:01:33,2026-09-12 00:51:05,,다음 배치에서 자동 재시도됨,
0007C0-데이터확인,미해결,아크릴,0007C0,데이터 확인,처리오류,"종목 처리 중 오류로 건너뜀: HTTPSConnectionPool(host='apis.data.go.kr', port=443): Max retries exceeded with url: /1160100/GetStocIssuInfoService_V3/getLockUpRetuInfo_V3?serviceKey=<REDACTED>&pageNo=1&numOfRows=100&resultType=json&stckIssuCmpyNm=%EC%95%84%ED%81%AC%EB%A6%B4 (Caused by ConnectTimeoutError(<HTTPSConnection(host='apis.data.go.kr', port=443) at 0x7f247fc97080>, 'Connection to apis.data.go.kr timed out. (connect timeout=30)'))",,2026-08-04 01:16:11,2026-09-12 00:50:35,,다음 배치에서 자동 재시도됨,
217590-데이터확인,미해결,티엠씨,217590,데이터 확인,처리오류,"종목 처리 중 오류로 건너뜀: HTTPSConnectionPool(host='apis.data.go.kr', port=443): Max retries exceeded with url: /1160100/GetStocIssuInfoService_V3/getLockUpRetuInfo_V3?serviceKey=<REDACTED>&pageNo=1&numOfRows=100&resultType=json&stckIssuCmpyNm=%ED%8B%B0%EC%97%A0%EC%94%A8 (Caused by ConnectTimeoutError(<HTTPSConnection(host='apis.data.go.kr', port=443) at 0x7f246e002480>, 'Connection to apis.data.go.kr timed out. (connect timeout=30)'))",,2026-07-10 15:27:36,2026-09-12 00:50:05,,다음 배치에서 자동 재시도됨,
464490-데이터확인,미해결,쿼드메디슨,464490,데이터 확인,처리오류,"종목 처리 중 오류로 건너뜀: HTTPSConnectionPool(host='apis.data.go.kr', port=443): Max retries exceeded with url: /1160100/GetStocIssuInfoService_V3/getLockUpRetuInfo_V3?serviceKey=<REDACTED>&pageNo=1&numOfRows=100&resultType=json&stckIssuCmpyNm=%EC%BF%BC%EB%93%9C%EB%A9%94%EB%94%94%EC%8A%A8 (Caused by ConnectTimeoutError(<HTTPSConnection(host='apis.data.go.kr', port=443) at 0x7f246e001a30>, 'Connection to apis.data.go.kr timed out. (connect timeout=30)'))",,2026-08-04 01:15:11,2026-09-12 00:49:34,,다음 배치에서 자동 재시도됨,
261520-데이터확인,미해결,이지스,261520,데이터 확인,처리오류,"종목 처리 중 오류로 건너뜀: HTTPSConnectionPool(host='apis.data.go.kr', port=443): Max retries exceeded with url: /1160100/GetStocIssuInfoService_V3/getLockUpRetuInfo_V3?serviceKey=<REDACTED>&pageNo=1&numOfRows=100&resultType=json&stckIssuCmpyNm=%EC%9D%B4%EC%A7%80%EC%8A%A4 (Caused by ConnectTimeoutError(<HTTPSConnection(host='apis.data.go.kr', port=443) at 0x7f246e2ddf70>, 'Connection to apis.data.go.kr timed out. (connect timeout=30)'))",,2026-07-10 17:01:35,2026-09-12 00:49:04,,다음 배치에서 자동 재시도됨,
0015S0-데이터확인,미해결,페스카로,0015S0,데이터 확인,처리오류,"종목 처리 중 오류로 건너뜀: HTTPSConnectionPool(host='apis.data.go.kr', port=443): Max retries exceeded with url: /1160100/GetStocIssuInfoService_V3/getLockUpRetuInfo_V3?serviceKey=<REDACTED>&pageNo=1&numOfRows=100&resultType=json&stckIssuCmpyNm=%ED%8E%98%EC%8A%A4%EC%B9%B4%EB%A1%9C (Caused by ConnectTimeoutError(<HTTPSConnection(host='apis.data.go.kr', port=443) at 0x7f246e001940>, 'Connection to apis.data.go.kr timed out. (connect timeout=30)'))",,2026-08-04 01:14:11,2026-09-12 00:48:34,,다음 배치에서 자동 재시도됨,
950250-데이터확인,미해결,테라뷰,950250,데이터 확인,처리오류,"종목 처리 중 오류로 건너뜀: HTTPSConnectionPool(host='apis.data.go.kr', port=443): Max retries exceeded with url: /1160100/GetStocIssuInfoService_V3/getLockUpRetuInfo_V3?serviceKey=<REDACTED>&pageNo=1&numOfRows=100&resultType=json&stckIssuCmpyNm=%ED%85%8C%EB%9D%BC%EB%B7%B0 (Caused by ConnectTimeoutError(<HTTPSConnection(host='apis.data.go.kr', port=443) at 0x7f246e001820>, 'Connection to apis.data.go.kr timed out. (connect timeout=30)'))",,2026-07-16 16:06:31,2026-09-12 00:48:04,,candidate_tables=0,
0009K0-데이터확인,미해결,에임드바이오,0009K0,데이터 확인,처리오류,"종목 처리 중 오류로 건너뜀: HTTPSConnectionPool(host='apis.data.go.kr', port=443): Max retries exceeded with url: /1160100/GetStocIssuInfoService_V3/getLockUpRetuInfo_V3?serviceKey=<REDACTED>&pageNo=1&numOfRows=100&resultType=json&stckIssuCmpyNm=%EC%97%90%EC%9E%84%EB%93%9C%EB%B0%94%EC%9D%B4%EC%98%A4 (Caused by ConnectTimeoutError(<HTTPSConnection(host='apis.data.go.kr', port=443) at 0x7f246e002690>, 'Connection to apis.data.go.kr timed out. (connect timeout=30)'))",,2026-08-04 01:13:10,2026-09-12 00:47:34,,다음 배치에서 자동 재시도됨,
0015N0-데이터확인,미해결,아로마티카,0015N0,데이터 확인,처리오류,"종목 처리 중 오류로 건너뜀: HTTPSConnectionPool(host='apis.data.go.kr', port=443): Max retries exceeded with url: /1160100/GetStocIssuInfoService_V3/getLockUpRetuInfo_V3?serviceKey=<REDACTED>&pageNo=1&numOfRows=100&resultType=json&stckIssuCmpyNm=%EC%95%84%EB%A1%9C%EB%A7%88%ED%8B%B0%EC%B9%B4 (Caused by ConnectTimeoutError(<HTTPSConnection(host='apis.data.go.kr', port=443) at 0x7f247fbd9eb0>, 'Connection to apis.data.go.kr timed out. (connect timeout=30)'))",,2026-08-04 01:12:40,2026-09-12 00:47:03,,다음 배치에서 자동 재시도됨,
488900-데이터확인,미해결,비츠로넥스텍,488900,데이터 확인,처리오류,"종목 처리 중 오류로 건너뜀: HTTPSConnectionPool(host='apis.data.go.kr', port=443): Max retries exceeded with url: /1160100/GetStocIssuInfoService_V3/getLockUpRetuInfo_V3?serviceKey=<REDACTED>&pageNo=1&numOfRows=100&resultType=json&stckIssuCmpyNm=%EB%B9%84%EC%B8%A0%EB%A1%9C%EB%84%A5%EC%8A%A4%ED%85%8D (Caused by ConnectTimeoutError(<HTTPSConnection(host='apis.data.go.kr', port=443) at 0x7f247fcb0b90>, 'Connection to apis.data.go.kr timed out. (connect timeout=30)'))",,2026-08-04 01:12:10,2026-09-12 00:46:33,,다음 배치에서 자동 재시도됨,
388210-데이터확인,미해결,씨엠티엑스,388210,데이터 확인,처리오류,"종목 처리 중 오류로 건너뜀: HTTPSConnectionPool(host='apis.data.go.kr', port=443): Max retries exceeded with url: /1160100/GetStocIssuInfoService_V3/getLockUpRetuInfo_V3?serviceKey=<REDACTED>&pageNo=1&numOfRows=100&resultType=json&stckIssuCmpyNm=%EC%94%A8%EC%97%A0%ED%8B%B0%EC%97%91%EC%8A%A4 (Caused by ConnectTimeoutError(<HTTPSConnection(host='apis.data.go.kr', port=443) at 0x7f246e2ddca0>, 'Connection to apis.data.go.kr timed out. (connect timeout=30)'))",,2026-07-10 15:32:54,2026-09-12 00:46:03,,다음 배치에서 자동 재시도됨,
403850-데이터확인,미해결,더핑크퐁컴퍼니,403850,데이터 확인,처리오류,"종목 처리 중 오류로 건너뜀: HTTPSConnectionPool(host='apis.data.go.kr', port=443): Max retries exceeded with url: /1160100/GetStocIssuInfoService_V3/getLockUpRetuInfo_V3?serviceKey=<REDACTED>&pageNo=1&numOfRows=100&resultType=json&stckIssuCmpyNm=%EB%8D%94%ED%95%91%ED%81%AC%ED%90%81%EC%BB%B4%ED%8D%BC%EB%8B%88 (Caused by ConnectTimeoutError(<HTTPSConnection(host='apis.data.go.kr', port=443) at 0x7f246e2ded20>, 'Connection to apis.data.go.kr timed out. (connect timeout=30)'))",,2026-08-04 01:11:10,2026-09-12 00:45:33,,다음 배치에서 자동 재시도됨,
0015G0-데이터확인,미해결,그린광학,0015G0,데이터 확인,처리오류,"종목 처리 중 오류로 건너뜀: HTTPSConnectionPool(host='apis.data.go.kr', port=443): Max retries exceeded with url: /1160100/GetStocIssuInfoService_V3/getLockUpRetuInfo_V3?serviceKey=<REDACTED>&pageNo=1&numOfRows=100&resultType=json&stckIssuCmpyNm=%EA%B7%B8%EB%A6%B0%EA%B4%91%ED%95%99 (Caused by ConnectTimeoutError(<HTTPSConnection(host='apis.data.go.kr', port=443) at 0x7f247ff0e750>, 'Connection to apis.data.go.kr timed out. (connect timeout=30)'))",,2026-08-04 01:10:39,2026-09-12 00:45:02,,다음 배치에서 자동 재시도됨,
061090-데이터확인,미해결,세나테크놀로지,061090,데이터 확인,처리오류,"종목 처리 중 오류로 건너뜀: HTTPSConnectionPool(host='apis.data.go.kr', port=443): Max retries exceeded with url: /1160100/GetStocIssuInfoService_V3/getLockUpRetuInfo_V3?serviceKey=<REDACTED>&pageNo=1&numOfRows=100&resultType=json&stckIssuCmpyNm=%EC%84%B8%EB%82%98%ED%85%8C%ED%81%AC%EB%86%80%EB%A1%9C%EC%A7%80 (Caused by ConnectTimeoutError(<HTTPSConnection(host='apis.data.go.kr', port=443) at 0x7f247fbdadb0>, 'Connection to apis.data.go.kr timed out. (connect timeout=30)'))",,2026-08-04 01:10:09,2026-09-12 00:44:32,,다음 배치에서 자동 재시도됨,
494120-데이터확인,미해결,큐리오시스,494120,데이터 확인,처리오류,"종목 처리 중 오류로 건너뜀: HTTPSConnectionPool(host='apis.data.go.kr', port=443): Max retries exceeded with url: /1160100/GetStocIssuInfoService_V3/getLockUpRetuInfo_V3?serviceKey=<REDACTED>&pageNo=1&numOfRows=100&resultType=json&stckIssuCmpyNm=%ED%81%90%EB%A6%AC%EC%98%A4%EC%8B%9C%EC%8A%A4 (Caused by ConnectTimeoutError(<HTTPSConnection(host='apis.data.go.kr', port=443) at 0x7f246e003470>, 'Connection to apis.data.go.kr timed out. (connect timeout=30)'))",,2026-08-04 01:09:39,2026-09-12 00:44:02,,다음 배치에서 자동 재시도됨,
469610-데이터확인,미해결,이노테크,469610,데이터 확인,처리오류,"종목 처리 중 오류로 건너뜀: HTTPSConnectionPool(host='apis.data.go.kr', port=443): Max retries exceeded with url: /1160100/GetStocIssuInfoService_V3/getLockUpRetuInfo_V3?serviceKey=<REDACTED>&pageNo=1&numOfRows=100&resultType=json&stckIssuCmpyNm=%EC%9D%B4%EB%85%B8%ED%85%8C%ED%81%AC (Caused by ConnectTimeoutError(<HTTPSConnection(host='apis.data.go.kr', port=443) at 0x7f246e001430>, 'Connection to apis.data.go.kr timed out. (connect timeout=30)'))",,2026-07-10 20:26:42,2026-09-12 00:43:32,,candidate_tables=0,
486990-데이터확인,미해결,노타,486990,데이터 확인,처리오류,"종목 처리 중 오류로 건너뜀: HTTPSConnectionPool(host='apis.data.go.kr', port=443): Max retries exceeded with url: /1160100/GetStocIssuInfoService_V3/getLockUpRetuInfo_V3?serviceKey=<REDACTED>&pageNo=1&numOfRows=100&resultType=json&stckIssuCmpyNm=%EB%85%B8%ED%83%80 (Caused by ConnectTimeoutError(<HTTPSConnection(host='apis.data.go.kr', port=443) at 0x7f24798590d0>, 'Connection to apis.data.go.kr timed out. (connect timeout=30)'))",,2026-08-04 01:08:38,2026-09-12 00:43:02,,다음 배치에서 자동 재시도됨,
317450-데이터확인,미해결,명인제약,317450,데이터 확인,처리오류,"종목 처리 중 오류로 건너뜀: HTTPSConnectionPool(host='apis.data.go.kr', port=443): Max retries exceeded with url: /1160100/GetStocIssuInfoService_V3/getLockUpRetuInfo_V3?serviceKey=<REDACTED>&pageNo=1&numOfRows=100&resultType=json&stckIssuCmpyNm=%EB%AA%85%EC%9D%B8%EC%A0%9C%EC%95%BD (Caused by ConnectTimeoutError(<HTTPSConnection(host='apis.data.go.kr', port=443) at 0x7f246e001190>, 'Connection to apis.data.go.kr timed out. (connect timeout=30)'))",,2026-08-04 01:08:08,2026-09-12 00:42:31,,다음 배치에서 자동 재시도됨,
488280-데이터확인,미해결,에스투더블유,488280,데이터 확인,처리오류,"종목 처리 중 오류로 건너뜀: HTTPSConnectionPool(host='apis.data.go.kr', port=443): Max retries exceeded with url: /1160100/GetStocIssuInfoService_V3/getLockUpRetuInfo_V3?serviceKey=<REDACTED>&pageNo=1&numOfRows=100&resultType=json&stckIssuCmpyNm=%EC%97%90%EC%8A%A4%ED%88%AC%EB%8D%94%EB%B8%94%EC%9C%A0 (Caused by ConnectTimeoutError(<HTTPSConnection(host='apis.data.go.kr', port=443) at 0x7f246e000e60>, 'Connection to apis.data.go.kr timed out. (connect timeout=30)'))",,2026-08-04 01:07:38,2026-09-12 00:42:01,,다음 배치에서 자동 재시도됨,
318060-데이터확인,미해결,그래피,318060,데이터 확인,처리오류,"종목 처리 중 오류로 건너뜀: HTTPSConnectionPool(host='apis.data.go.kr', port=443): Max retries exceeded with url: /1160100/GetStocIssuInfoService_V3/getLockUpRetuInfo_V3?serviceKey=<REDACTED>&pageNo=1&numOfRows=100&resultType=json&stckIssuCmpyNm=%EA%B7%B8%EB%9E%98%ED%94%BC (Caused by ConnectTimeoutError(<HTTPSConnection(host='apis.data.go.kr', port=443) at 0x7f247fca3980>, 'Connection to apis.data.go.kr timed out. (connect timeout=30)'))",,2026-07-10 15:33:57,2026-09-12 00:41:31,,다음 배치에서 자동 재시도됨,
0010V0-데이터확인,미해결,제이피아이헬스케어,0010V0,데이터 확인,처리오류,"종목 처리 중 오류로 건너뜀: HTTPSConnectionPool(host='apis.data.go.kr', port=443): Max retries exceeded with url: /1160100/GetStocIssuInfoService_V3/getLockUpRetuInfo_V3?serviceKey=<REDACTED>&pageNo=1&numOfRows=100&resultType=json&stckIssuCmpyNm=%EC%A0%9C%EC%9D%B4%ED%94%BC%EC%95%84%EC%9D%B4%ED%97%AC%EC%8A%A4%EC%BC%80%EC%96%B4 (Caused by ConnectTimeoutError(<HTTPSConnection(host='apis.data.go.kr', port=443) at 0x7f24788567e0>, 'Connection to apis.data.go.kr timed out. (connect timeout=30)'))",,2026-08-04 01:06:29,2026-09-12 00:40:53,,다음 배치에서 자동 재시도됨,
125490-데이터확인,미해결,한라캐스트,125490,데이터 확인,처리오류,"종목 처리 중 오류로 건너뜀: HTTPSConnectionPool(host='apis.data.go.kr', port=443): Max retries exceeded with url: /1160100/GetStocIssuInfoService_V3/getLockUpRetuInfo_V3?serviceKey=<REDACTED>&pageNo=1&numOfRows=100&resultType=json&stckIssuCmpyNm=%ED%95%9C%EB%9D%BC%EC%BA%90%EC%8A%A4%ED%8A%B8 (Caused by ConnectTimeoutError(<HTTPSConnection(host='apis.data.go.kr', port=443) at 0x7f24786af230>, 'Connection to apis.data.go.kr timed out. (connect timeout=30)'))",,2026-08-04 01:05:59,2026-09-12 00:40:23,,다음 배치에서 자동 재시도됨,
0008Z0-데이터확인,미해결,에스엔시스,0008Z0,데이터 확인,처리오류,"종목 처리 중 오류로 건너뜀: HTTPSConnectionPool(host='apis.data.go.kr', port=443): Max retries exceeded with url: /1160100/GetStocIssuInfoService_V3/getLockUpRetuInfo_V3?serviceKey=<REDACTED>&pageNo=1&numOfRows=100&resultType=json&stckIssuCmpyNm=%EC%97%90%EC%8A%A4%EC%97%94%EC%8B%9C%EC%8A%A4 (Caused by ConnectTimeoutError(<HTTPSConnection(host='apis.data.go.kr', port=443) at 0x7f246e24e630>, 'Connection to apis.data.go.kr timed out. (connect timeout=30)'))",,2026-08-04 01:05:28,2026-09-12 00:39:53,,다음 배치에서 자동 재시도됨,
484590-데이터확인,미해결,삼양컴텍,484590,데이터 확인,처리오류,"종목 처리 중 오류로 건너뜀: HTTPSConnectionPool(host='apis.data.go.kr', port=443): Max retries exceeded with url: /1160100/GetStocIssuInfoService_V3/getLockUpRetuInfo_V3?serviceKey=<REDACTED>&pageNo=1&numOfRows=100&resultType=json&stckIssuCmpyNm=%EC%82%BC%EC%96%91%EC%BB%B4%ED%85%8D (Caused by ConnectTimeoutError(<HTTPSConnection(host='apis.data.go.kr', port=443) at 0x7f2476d0c140>, 'Connection to apis.data.go.kr timed out. (connect timeout=30)'))",,2026-08-04 01:04:58,2026-09-12 00:39:23,,다음 배치에서 자동 재시도됨,
456160-데이터확인,미해결,지투지바이오,456160,데이터 확인,처리오류,"종목 처리 중 오류로 건너뜀: HTTPSConnectionPool(host='apis.data.go.kr', port=443): Max retries exceeded with url: /1160100/GetStocIssuInfoService_V3/getLockUpRetuInfo_V3?serviceKey=<REDACTED>&pageNo=1&numOfRows=100&resultType=json&stckIssuCmpyNm=%EC%A7%80%ED%88%AC%EC%A7%80%EB%B0%94%EC%9D%B4%EC%98%A4 (Caused by ConnectTimeoutError(<HTTPSConnection(host='apis.data.go.kr', port=443) at 0x7f246e2922a0>, 'Connection to apis.data.go.kr timed out. (connect timeout=30)'))",,2026-07-10 15:34:01,2026-09-12 00:38:53,,다음 배치에서 자동 재시도됨,
309710-데이터확인,미해결,아이티켐,309710,데이터 확인,처리오류,"종목 처리 중 오류로 건너뜀: HTTPSConnectionPool(host='apis.data.go.kr', port=443): Max retries exceeded with url: /1160100/GetStocIssuInfoService_V3/getLockUpRetuInfo_V3?serviceKey=<REDACTED>&pageNo=1&numOfRows=100&resultType=json&stckIssuCmpyNm=%EC%95%84%EC%9D%B4%ED%8B%B0%EC%BC%90 (Caused by ConnectTimeoutError(<HTTPSConnection(host='apis.data.go.kr', port=443) at 0x7f246eab5c70>, 'Connection to apis.data.go.kr timed out. (connect timeout=30)'))",,2026-08-04 01:03:57,2026-09-12 00:38:22,,다음 배치에서 자동 재시도됨,
439260-데이터확인,미해결,대한조선,439260,데이터 확인,처리오류,"종목 처리 중 오류로 건너뜀: HTTPSConnectionPool(host='apis.data.go.kr', port=443): Max retries exceeded with url: /1160100/GetStocIssuInfoService_V3/getLockUpRetuInfo_V3?serviceKey=<REDACTED>&pageNo=1&numOfRows=100&resultType=json&stckIssuCmpyNm=%EB%8C%80%ED%95%9C%EC%A1%B0%EC%84%A0 (Caused by ConnectTimeoutError(<HTTPSConnection(host='apis.data.go.kr', port=443) at 0x7f2477fcb2c0>, 'Connection to apis.data.go.kr timed out. (connect timeout=30)'))",,2026-07-22 12:53:03,2026-09-12 00:37:52,,수기입력 탭 확인 필요,
468530-데이터확인,미해결,프로티나,468530,데이터 확인,처리오류,"종목 처리 중 오류로 건너뜀: HTTPSConnectionPool(host='apis.data.go.kr', port=443): Max retries exceeded with url: /1160100/GetStocIssuInfoService_V3/getLockUpRetuInfo_V3?serviceKey=<REDACTED>&pageNo=1&numOfRows=100&resultType=json&stckIssuCmpyNm=%ED%94%84%EB%A1%9C%ED%8B%B0%EB%82%98 (Caused by ConnectTimeoutError(<HTTPSConnection(host='apis.data.go.kr', port=443) at 0x7f24780103b0>, 'Connection to apis.data.go.kr timed out. (connect timeout=30)'))",,2026-08-04 01:02:57,2026-09-12 00:37:22,,다음 배치에서 자동 재시도됨,
475230-데이터확인,미해결,엔알비,475230,데이터 확인,처리오류,"종목 처리 중 오류로 건너뜀: HTTPSConnectionPool(host='apis.data.go.kr', port=443): Max retries exceeded with url: /1160100/GetStocIssuInfoService_V3/getLockUpRetuInfo_V3?serviceKey=<REDACTED>&pageNo=1&numOfRows=100&resultType=json&stckIssuCmpyNm=%EC%97%94%EC%95%8C%EB%B9%84 (Caused by ConnectTimeoutError(<HTTPSConnection(host='apis.data.go.kr', port=443) at 0x7f2478978590>, 'Connection to apis.data.go.kr timed out. (connect timeout=30)'))",,2026-07-10 15:34:04,2026-09-12 00:36:52,,다음 배치에서 자동 재시도됨,
380550-데이터확인,미해결,뉴로핏,380550,데이터 확인,처리오류,"종목 처리 중 오류로 건너뜀: HTTPSConnectionPool(host='apis.data.go.kr', port=443): Max retries exceeded with url: /1160100/GetStocIssuInfoService_V3/getLockUpRetuInfo_V3?serviceKey=<REDACTED>&pageNo=1&numOfRows=100&resultType=json&stckIssuCmpyNm=%EB%89%B4%EB%A1%9C%ED%95%8F (Caused by ConnectTimeoutError(<HTTPSConnection(host='apis.data.go.kr', port=443) at 0x7f2476ac9eb0>, 'Connection to apis.data.go.kr timed out. (connect timeout=30)'))",,2026-08-04 01:01:56,2026-09-12 00:36:22,,다음 배치에서 자동 재시도됨,
484120-데이터확인,미해결,도우인시스,484120,데이터 확인,처리오류,"종목 처리 중 오류로 건너뜀: HTTPSConnectionPool(host='apis.data.go.kr', port=443): Max retries exceeded with url: /1160100/GetStocIssuInfoService_V3/getLockUpRetuInfo_V3?serviceKey=<REDACTED>&pageNo=1&numOfRows=100&resultType=json&stckIssuCmpyNm=%EB%8F%84%EC%9A%B0%EC%9D%B8%EC%8B%9C%EC%8A%A4 (Caused by ConnectTimeoutError(<HTTPSConnection(host='apis.data.go.kr', port=443) at 0x7f2478b27d70>, 'Connection to apis.data.go.kr timed out. (connect timeout=30)'))",,2026-07-10 15:34:06,2026-09-12 00:35:52,,다음 배치에서 자동 재시도됨,
331740-데이터확인,미해결,아우토크립트,331740,데이터 확인,처리오류,"종목 처리 중 오류로 건너뜀: HTTPSConnectionPool(host='apis.data.go.kr', port=443): Max retries exceeded with url: /1160100/GetStocIssuInfoService_V3/getLockUpRetuInfo_V3?serviceKey=<REDACTED>&pageNo=1&numOfRows=100&resultType=json&stckIssuCmpyNm=%EC%95%84%EC%9A%B0%ED%86%A0%ED%81%AC%EB%A6%BD%ED%8A%B8 (Caused by ConnectTimeoutError(<HTTPSConnection(host='apis.data.go.kr', port=443) at 0x7f2478979880>, 'Connection to apis.data.go.kr timed out. (connect timeout=30)'))",,2026-07-10 20:27:08,2026-09-12 00:35:22,,candidate_tables=0,
234030-데이터확인,미해결,싸이닉솔루션,234030,데이터 확인,처리오류,"종목 처리 중 오류로 건너뜀: HTTPSConnectionPool(host='apis.data.go.kr', port=443): Max retries exceeded with url: /1160100/GetStocIssuInfoService_V3/getLockUpRetuInfo_V3?serviceKey=<REDACTED>&pageNo=1&numOfRows=100&resultType=json&stckIssuCmpyNm=%EC%8B%B8%EC%9D%B4%EB%8B%89%EC%86%94%EB%A3%A8%EC%85%98 (Caused by ConnectTimeoutError(<HTTPSConnection(host='apis.data.go.kr', port=443) at 0x7f24783570e0>, 'Connection to apis.data.go.kr timed out. (connect timeout=30)'))",,2026-08-04 01:00:25,2026-09-12 00:34:52,,다음 배치에서 자동 재시도됨,
463020-데이터확인,미해결,뉴엔AI,463020,데이터 확인,처리오류,"종목 처리 중 오류로 건너뜀: HTTPSConnectionPool(host='apis.data.go.kr', port=443): Max retries exceeded with url: /1160100/GetStocIssuInfoService_V3/getLockUpRetuInfo_V3?serviceKey=<REDACTED>&pageNo=1&numOfRows=100&resultType=json&stckIssuCmpyNm=%EB%89%B4%EC%97%94AI (Caused by ConnectTimeoutError(<HTTPSConnection(host='apis.data.go.kr', port=443) at 0x7f246eafcec0>, 'Connection to apis.data.go.kr timed out. (connect timeout=30)'))",,2026-08-04 00:59:55,2026-09-12 00:34:21,,다음 배치에서 자동 재시도됨,
340450-데이터확인,미해결,지씨지놈,340450,데이터 확인,처리오류,"종목 처리 중 오류로 건너뜀: HTTPSConnectionPool(host='apis.data.go.kr', port=443): Max retries exceeded with url: /1160100/GetStocIssuInfoService_V3/getLockUpRetuInfo_V3?serviceKey=<REDACTED>&pageNo=1&numOfRows=100&resultType=json&stckIssuCmpyNm=%EC%A7%80%EC%94%A8%EC%A7%80%EB%86%88 (Caused by ConnectTimeoutError(<HTTPSConnection(host='apis.data.go.kr', port=443) at 0x7f24769afc80>, 'Connection to apis.data.go.kr timed out. (connect timeout=30)'))",,2026-08-04 00:59:25,2026-09-12 00:33:51,,다음 배치에서 자동 재시도됨,
474650-데이터확인,미해결,링크솔루션,474650,데이터 확인,처리오류,"종목 처리 중 오류로 건너뜀: HTTPSConnectionPool(host='apis.data.go.kr', port=443): Max retries exceeded with url: /1160100/GetStocIssuInfoService_V3/getLockUpRetuInfo_V3?serviceKey=<REDACTED>&pageNo=1&numOfRows=100&resultType=json&stckIssuCmpyNm=%EB%A7%81%ED%81%AC%EC%86%94%EB%A3%A8%EC%85%98 (Caused by ConnectTimeoutError(<HTTPSConnection(host='apis.data.go.kr', port=443) at 0x7f2476b10ef0>, 'Connection to apis.data.go.kr timed out. (connect timeout=30)'))",,2026-08-04 00:58:55,2026-09-12 00:33:21,,다음 배치에서 자동 재시도됨,
475430-데이터확인,미해결,키스트론,475430,데이터 확인,처리오류,"종목 처리 중 오류로 건너뜀: HTTPSConnectionPool(host='apis.data.go.kr', port=443): Max retries exceeded with url: /1160100/GetStocIssuInfoService_V3/getLockUpRetuInfo_V3?serviceKey=<REDACTED>&pageNo=1&numOfRows=100&resultType=json&stckIssuCmpyNm=%ED%82%A4%EC%8A%A4%ED%8A%B8%EB%A1%A0 (Caused by ConnectTimeoutError(<HTTPSConnection(host='apis.data.go.kr', port=443) at 0x7f2478b26ab0>, 'Connection to apis.data.go.kr timed out. (connect timeout=30)'))",,2026-07-10 15:34:11,2026-09-12 00:32:51,,다음 배치에서 자동 재시도됨,
287840-데이터확인,미해결,인투셀,287840,데이터 확인,처리오류,"종목 처리 중 오류로 건너뜀: HTTPSConnectionPool(host='apis.data.go.kr', port=443): Max retries exceeded with url: /1160100/GetStocIssuInfoService_V3/getLockUpRetuInfo_V3?serviceKey=<REDACTED>&pageNo=1&numOfRows=100&resultType=json&stckIssuCmpyNm=%EC%9D%B8%ED%88%AC%EC%85%80 (Caused by ConnectTimeoutError(<HTTPSConnection(host='apis.data.go.kr', port=443) at 0x7f246eab73b0>, 'Connection to apis.data.go.kr timed out. (connect timeout=30)'))",,2026-08-04 00:57:54,2026-09-12 00:32:20,,다음 배치에서 자동 재시도됨,
483650-데이터확인,미해결,달바글로벌,483650,데이터 확인,처리오류,"종목 처리 중 오류로 건너뜀: HTTPSConnectionPool(host='apis.data.go.kr', port=443): Max retries exceeded with url: /1160100/GetStocIssuInfoService_V3/getLockUpRetuInfo_V3?serviceKey=<REDACTED>&pageNo=1&numOfRows=100&resultType=json&stckIssuCmpyNm=%EB%8B%AC%EB%B0%94%EA%B8%80%EB%A1%9C%EB%B2%8C (Caused by ConnectTimeoutError(<HTTPSConnection(host='apis.data.go.kr', port=443) at 0x7f2477fc90d0>, 'Connection to apis.data.go.kr timed out. (connect timeout=30)'))",,2026-07-10 20:25:42,2026-09-12 00:31:50,,candidate_tables=0,
489460-데이터확인,미해결,바이오비쥬,489460,데이터 확인,처리오류,"종목 처리 중 오류로 건너뜀: HTTPSConnectionPool(host='apis.data.go.kr', port=443): Max retries exceeded with url: /1160100/GetStocIssuInfoService_V3/getLockUpRetuInfo_V3?serviceKey=<REDACTED>&pageNo=1&numOfRows=100&resultType=json&stckIssuCmpyNm=%EB%B0%94%EC%9D%B4%EC%98%A4%EB%B9%84%EC%A5%AC (Caused by ConnectTimeoutError(<HTTPSConnection(host='apis.data.go.kr', port=443) at 0x7f2478011970>, 'Connection to apis.data.go.kr timed out. (connect timeout=30)'))",,2026-08-04 00:56:54,2026-09-12 00:31:20,,다음 배치에서 자동 재시도됨,
424870-데이터확인,미해결,이뮨온시아,424870,데이터 확인,처리오류,"종목 처리 중 오류로 건너뜀: HTTPSConnectionPool(host='apis.data.go.kr', port=443): Max retries exceeded with url: /1160100/GetStocIssuInfoService_V3/getLockUpRetuInfo_V3?serviceKey=<REDACTED>&pageNo=1&numOfRows=100&resultType=json&stckIssuCmpyNm=%EC%9D%B4%EB%AE%A8%EC%98%A8%EC%8B%9C%EC%95%84 (Caused by ConnectTimeoutError(<HTTPSConnection(host='apis.data.go.kr', port=443) at 0x7f2478357200>, 'Connection to apis.data.go.kr timed out. (connect timeout=30)'))",,2026-07-10 20:27:18,2026-09-12 00:30:50,,candidate_tables=0,
376900-데이터확인,미해결,로킷헬스케어,376900,데이터 확인,처리오류,"종목 처리 중 오류로 건너뜀: HTTPSConnectionPool(host='apis.data.go.kr', port=443): Max retries exceeded with url: /1160100/GetStocIssuInfoService_V3/getLockUpRetuInfo_V3?serviceKey=<REDACTED>&pageNo=1&numOfRows=100&resultType=json&stckIssuCmpyNm=%EB%A1%9C%ED%82%B7%ED%97%AC%EC%8A%A4%EC%BC%80%EC%96%B4 (Caused by ConnectTimeoutError(<HTTPSConnection(host='apis.data.go.kr', port=443) at 0x7f2478978620>, 'Connection to apis.data.go.kr timed out. (connect timeout=30)'))",,2026-07-10 15:34:54,2026-09-12 00:30:19,,다음 배치에서 자동 재시도됨,
136150-데이터확인,미해결,원일티엔아이,136150,데이터 확인,처리오류,"종목 처리 중 오류로 건너뜀: HTTPSConnectionPool(host='apis.data.go.kr', port=443): Max retries exceeded with url: /1160100/GetStocIssuInfoService_V3/getLockUpRetuInfo_V3?serviceKey=<REDACTED>&pageNo=1&numOfRows=100&resultType=json&stckIssuCmpyNm=%EC%9B%90%EC%9D%BC%ED%8B%B0%EC%97%94%EC%95%84%EC%9D%B4 (Caused by ConnectTimeoutError(<HTTPSConnection(host='apis.data.go.kr', port=443) at 0x7f2478b27e00>, 'Connection to apis.data.go.kr timed out. (connect timeout=30)'))",,2026-08-04 00:55:16,2026-09-12 00:29:49,,다음 배치에서 자동 재시도됨,
476040-데이터확인,미해결,오가노이드사이언스,476040,데이터 확인,처리오류,"종목 처리 중 오류로 건너뜀: HTTPSConnectionPool(host='apis.data.go.kr', port=443): Max retries exceeded with url: /1160100/GetStocIssuInfoService_V3/getLockUpRetuInfo_V3?serviceKey=<REDACTED>&pageNo=1&numOfRows=100&resultType=json&stckIssuCmpyNm=%EC%98%A4%EA%B0%80%EB%85%B8%EC%9D%B4%EB%93%9C%EC%82%AC%EC%9D%B4%EC%96%B8%EC%8A%A4 (Caused by ConnectTimeoutError(<HTTPSConnection(host='apis.data.go.kr', port=443) at 0x7f2478978b00>, 'Connection to apis.data.go.kr timed out. (connect timeout=30)'))",,2026-08-04 00:54:46,2026-09-12 00:29:19,,다음 배치에서 자동 재시도됨,
459510-데이터확인,미해결,나우로보틱스,459510,데이터 확인,처리오류,"종목 처리 중 오류로 건너뜀: HTTPSConnectionPool(host='apis.data.go.kr', port=443): Max retries exceeded with url: /1160100/GetStocIssuInfoService_V3/getLockUpRetuInfo_V3?serviceKey=<REDACTED>&pageNo=1&numOfRows=100&resultType=json&stckIssuCmpyNm=%EB%82%98%EC%9A%B0%EB%A1%9C%EB%B3%B4%ED%8B%B1%EC%8A%A4 (Caused by ConnectTimeoutError(<HTTPSConnection(host='apis.data.go.kr', port=443) at 0x7f2478978e90>, 'Connection to apis.data.go.kr timed out. (connect timeout=30)'))",,2026-07-10 20:27:22,2026-09-12 00:28:49,,candidate_tables=0,
081180-데이터확인,미해결,쎄크,081180,데이터 확인,처리오류,"종목 처리 중 오류로 건너뜀: HTTPSConnectionPool(host='apis.data.go.kr', port=443): Max retries exceeded with url: /1160100/GetStocIssuInfoService_V3/getLockUpRetuInfo_V3?serviceKey=<REDACTED>&pageNo=1&numOfRows=100&resultType=json&stckIssuCmpyNm=%EC%8E%84%ED%81%AC (Caused by ConnectTimeoutError(<HTTPSConnection(host='apis.data.go.kr', port=443) at 0x7f246eafc980>, 'Connection to apis.data.go.kr timed out. (connect timeout=30)'))",,2026-08-04 00:53:46,2026-09-12 00:28:18,,다음 배치에서 자동 재시도됨,
481070-데이터확인,미해결,에이유브랜즈,481070,데이터 확인,처리오류,"종목 처리 중 오류로 건너뜀: HTTPSConnectionPool(host='apis.data.go.kr', port=443): Max retries exceeded with url: /1160100/GetStocIssuInfoService_V3/getLockUpRetuInfo_V3?serviceKey=<REDACTED>&pageNo=1&numOfRows=100&resultType=json&stckIssuCmpyNm=%EC%97%90%EC%9D%B4%EC%9C%A0%EB%B8%8C%EB%9E%9C%EC%A6%88 (Caused by ConnectTimeoutError(<HTTPSConnection(host='apis.data.go.kr', port=443) at 0x7f24769afc80>, 'Connection to apis.data.go.kr timed out. (connect timeout=30)'))",,2026-08-04 00:53:15,2026-09-12 00:27:48,,다음 배치에서 자동 재시도됨,
462860-데이터확인,미해결,더즌,462860,데이터 확인,처리오류,"종목 처리 중 오류로 건너뜀: HTTPSConnectionPool(host='apis.data.go.kr', port=443): Max retries exceeded with url: /1160100/GetStocIssuInfoService_V3/getLockUpRetuInfo_V3?serviceKey=<REDACTED>&pageNo=1&numOfRows=100&resultType=json&stckIssuCmpyNm=%EB%8D%94%EC%A6%8C (Caused by ConnectTimeoutError(<HTTPSConnection(host='apis.data.go.kr', port=443) at 0x7f246e3c7a40>, 'Connection to apis.data.go.kr timed out. (connect timeout=30)'))",,2026-07-10 15:35:02,2026-09-12 00:27:18,,다음 배치에서 자동 재시도됨,
444530-데이터확인,미해결,심플랫폼,444530,데이터 확인,처리오류,"종목 처리 중 오류로 건너뜀: HTTPSConnectionPool(host='apis.data.go.kr', port=443): Max retries exceeded with url: /1160100/GetStocIssuInfoService_V3/getLockUpRetuInfo_V3?serviceKey=<REDACTED>&pageNo=1&numOfRows=100&resultType=json&stckIssuCmpyNm=%EC%8B%AC%ED%94%8C%EB%9E%AB%ED%8F%BC (Caused by ConnectTimeoutError(<HTTPSConnection(host='apis.data.go.kr', port=443) at 0x7f2478b26d80>, 'Connection to apis.data.go.kr timed out. (connect timeout=30)'))",,2026-08-04 00:52:15,2026-09-12 00:26:48,,다음 배치에서 자동 재시도됨,
098070-데이터확인,미해결,한텍,098070,데이터 확인,처리오류,"종목 처리 중 오류로 건너뜀: HTTPSConnectionPool(host='apis.data.go.kr', port=443): Max retries exceeded with url: /1160100/GetStocIssuInfoService_V3/getLockUpRetuInfo_V3?serviceKey=<REDACTED>&pageNo=1&numOfRows=100&resultType=json&stckIssuCmpyNm=%ED%95%9C%ED%85%8D (Caused by ConnectTimeoutError(<HTTPSConnection(host='apis.data.go.kr', port=443) at 0x7f246e24e540>, 'Connection to apis.data.go.kr timed out. (connect timeout=30)'))",,2026-07-10 20:27:28,2026-09-12 00:26:18,,candidate_tables=0,
484810-데이터확인,미해결,티엑스알로보틱스,484810,데이터 확인,처리오류,"종목 처리 중 오류로 건너뜀: HTTPSConnectionPool(host='apis.data.go.kr', port=443): Max retries exceeded with url: /1160100/GetStocIssuInfoService_V3/getLockUpRetuInfo_V3?serviceKey=<REDACTED>&pageNo=1&numOfRows=100&resultType=json&stckIssuCmpyNm=%ED%8B%B0%EC%97%91%EC%8A%A4%EC%95%8C%EB%A1%9C%EB%B3%B4%ED%8B%B1%EC%8A%A4 (Caused by ConnectTimeoutError(<HTTPSConnection(host='apis.data.go.kr', port=443) at 0x7f2477fca330>, 'Connection to apis.data.go.kr timed out. (connect timeout=30)'))",,2026-08-04 00:51:15,2026-09-12 00:25:47,,다음 배치에서 자동 재시도됨,
480370-데이터확인,미해결,씨케이솔루션,480370,데이터 확인,처리오류,"종목 처리 중 오류로 건너뜀: HTTPSConnectionPool(host='apis.data.go.kr', port=443): Max retries exceeded with url: /1160100/GetStocIssuInfoService_V3/getLockUpRetuInfo_V3?serviceKey=<REDACTED>&pageNo=1&numOfRows=100&resultType=json&stckIssuCmpyNm=%EC%94%A8%EC%BC%80%EC%9D%B4%EC%86%94%EB%A3%A8%EC%85%98 (Caused by ConnectTimeoutError(<HTTPSConnection(host='apis.data.go.kr', port=443) at 0x7f24780129f0>, 'Connection to apis.data.go.kr timed out. (connect timeout=30)'))",,2026-08-04 00:50:44,2026-09-12 00:25:17,,다음 배치에서 자동 재시도됨,
031210-데이터확인,미해결,서울보증보험,031210,데이터 확인,처리오류,"종목 처리 중 오류로 건너뜀: HTTPSConnectionPool(host='apis.data.go.kr', port=443): Max retries exceeded with url: /1160100/GetStocIssuInfoService_V3/getLockUpRetuInfo_V3?serviceKey=<REDACTED>&pageNo=1&numOfRows=100&resultType=json&stckIssuCmpyNm=%EC%84%9C%EC%9A%B8%EB%B3%B4%EC%A6%9D%EB%B3%B4%ED%97%98 (Caused by ConnectTimeoutError(<HTTPSConnection(host='apis.data.go.kr', port=443) at 0x7f24778c6420>, 'Connection to apis.data.go.kr timed out. (connect timeout=30)'))",,2026-07-10 15:27:42,2026-09-12 00:24:47,,다음 배치에서 자동 재시도됨,
226590-데이터확인,미해결,엠디바이스,226590,데이터 확인,처리오류,"종목 처리 중 오류로 건너뜀: HTTPSConnectionPool(host='apis.data.go.kr', port=443): Max retries exceeded with url: /1160100/GetStocIssuInfoService_V3/getLockUpRetuInfo_V3?serviceKey=<REDACTED>&pageNo=1&numOfRows=100&resultType=json&stckIssuCmpyNm=%EC%97%A0%EB%94%94%EB%B0%94%EC%9D%B4%EC%8A%A4 (Caused by ConnectTimeoutError(<HTTPSConnection(host='apis.data.go.kr', port=443) at 0x7f2478978ce0>, 'Connection to apis.data.go.kr timed out. (connect timeout=30)'))",,2026-08-04 00:49:44,2026-09-12 00:24:17,,다음 배치에서 자동 재시도됨,
393970-데이터확인,미해결,대진첨단소재,393970,데이터 확인,처리오류,"종목 처리 중 오류로 건너뜀: HTTPSConnectionPool(host='apis.data.go.kr', port=443): Max retries exceeded with url: /1160100/GetStocIssuInfoService_V3/getLockUpRetuInfo_V3?serviceKey=<REDACTED>&pageNo=1&numOfRows=100&resultType=json&stckIssuCmpyNm=%EB%8C%80%EC%A7%84%EC%B2%A8%EB%8B%A8%EC%86%8C%EC%9E%AC (Caused by ConnectTimeoutError(<HTTPSConnection(host='apis.data.go.kr', port=443) at 0x7f2478b273b0>, 'Connection to apis.data.go.kr timed out. (connect timeout=30)'))",,2026-07-10 20:27:30,2026-09-12 00:23:47,,candidate_tables=0,
489500-데이터확인,미해결,엘케이켐,489500,데이터 확인,처리오류,"종목 처리 중 오류로 건너뜀: HTTPSConnectionPool(host='apis.data.go.kr', port=443): Max retries exceeded with url: /1160100/GetStocIssuInfoService_V3/getLockUpRetuInfo_V3?serviceKey=<REDACTED>&pageNo=1&numOfRows=100&resultType=json&stckIssuCmpyNm=%EC%97%98%EC%BC%80%EC%9D%B4%EC%BC%90 (Caused by ConnectTimeoutError(<HTTPSConnection(host='apis.data.go.kr', port=443) at 0x7f2478978ad0>, 'Connection to apis.data.go.kr timed out. (connect timeout=30)'))",,2026-08-04 00:48:43,2026-09-12 00:23:17,,다음 배치에서 자동 재시도됨,
479960-데이터확인,미해결,위너스,479960,데이터 확인,처리오류,"종목 처리 중 오류로 건너뜀: HTTPSConnectionPool(host='apis.data.go.kr', port=443): Max retries exceeded with url: /1160100/GetStocIssuInfoService_V3/getLockUpRetuInfo_V3?serviceKey=<REDACTED>&pageNo=1&numOfRows=100&resultType=json&stckIssuCmpyNm=%EC%9C%84%EB%84%88%EC%8A%A4 (Caused by ConnectTimeoutError(<HTTPSConnection(host='apis.data.go.kr', port=443) at 0x7f2478979790>, 'Connection to apis.data.go.kr timed out. (connect timeout=30)'))",,2026-07-10 20:27:33,2026-09-12 00:22:46,,candidate_tables=0,
463480-데이터확인,미해결,모티브링크,463480,데이터 확인,처리오류,"종목 처리 중 오류로 건너뜀: HTTPSConnectionPool(host='apis.data.go.kr', port=443): Max retries exceeded with url: /1160100/GetStocIssuInfoService_V3/getLockUpRetuInfo_V3?serviceKey=<REDACTED>&pageNo=1&numOfRows=100&resultType=json&stckIssuCmpyNm=%EB%AA%A8%ED%8B%B0%EB%B8%8C%EB%A7%81%ED%81%AC (Caused by ConnectTimeoutError(<HTTPSConnection(host='apis.data.go.kr', port=443) at 0x7f24788567e0>, 'Connection to apis.data.go.kr timed out. (connect timeout=30)'))",,2026-08-04 00:47:43,2026-09-12 00:22:16,,다음 배치에서 자동 재시도됨,
303810-데이터확인,미해결,동국생명과학,303810,데이터 확인,처리오류,"종목 처리 중 오류로 건너뜀: HTTPSConnectionPool(host='apis.data.go.kr', port=443): Max retries exceeded with url: /1160100/GetStocIssuInfoService_V3/getLockUpRetuInfo_V3?serviceKey=<REDACTED>&pageNo=1&numOfRows=100&resultType=json&stckIssuCmpyNm=%EB%8F%99%EA%B5%AD%EC%83%9D%EB%AA%85%EA%B3%BC%ED%95%99 (Caused by ConnectTimeoutError(<HTTPSConnection(host='apis.data.go.kr', port=443) at 0x7f24786ac440>, 'Connection to apis.data.go.kr timed out. (connect timeout=30)'))",,2026-07-10 15:35:15,2026-09-12 00:21:46,,다음 배치에서 자동 재시도됨,
475830-데이터확인,미해결,오름테라퓨틱,475830,데이터 확인,처리오류,"종목 처리 중 오류로 건너뜀: HTTPSConnectionPool(host='apis.data.go.kr', port=443): Max retries exceeded with url: /1160100/GetStocIssuInfoService_V3/getLockUpRetuInfo_V3?serviceKey=<REDACTED>&pageNo=1&numOfRows=100&resultType=json&stckIssuCmpyNm=%EC%98%A4%EB%A6%84%ED%85%8C%EB%9D%BC%ED%93%A8%ED%8B%B1 (Caused by ConnectTimeoutError(<HTTPSConnection(host='apis.data.go.kr', port=443) at 0x7f246e24d640>, 'Connection to apis.data.go.kr timed out. (connect timeout=30)'))",,2026-08-04 00:46:43,2026-09-12 00:21:15,,다음 배치에서 자동 재시도됨,
240550-데이터확인,미해결,동방메디컬,240550,데이터 확인,처리오류,"종목 처리 중 오류로 건너뜀: HTTPSConnectionPool(host='apis.data.go.kr', port=443): Max retries exceeded with url: /1160100/GetStocIssuInfoService_V3/getLockUpRetuInfo_V3?serviceKey=<REDACTED>&pageNo=1&numOfRows=100&resultType=json&stckIssuCmpyNm=%EB%8F%99%EB%B0%A9%EB%A9%94%EB%94%94%EC%BB%AC (Caused by ConnectTimeoutError(<HTTPSConnection(host='apis.data.go.kr', port=443) at 0x7f2478b271d0>, 'Connection to apis.data.go.kr timed out. (connect timeout=30)'))",,2026-08-04 00:46:12,2026-09-12 00:20:45,,다음 배치에서 자동 재시도됨,
212710-데이터확인,미해결,아이에스티이,212710,데이터 확인,처리오류,"종목 처리 중 오류로 건너뜀: HTTPSConnectionPool(host='apis.data.go.kr', port=443): Max retries exceeded with url: /1160100/GetStocIssuInfoService_V3/getLockUpRetuInfo_V3?serviceKey=<REDACTED>&pageNo=1&numOfRows=100&resultType=json&stckIssuCmpyNm=%EC%95%84%EC%9D%B4%EC%97%90%EC%8A%A4%ED%8B%B0%EC%9D%B4 (Caused by ConnectTimeoutError(<HTTPSConnection(host='apis.data.go.kr', port=443) at 0x7f2478b276e0>, 'Connection to apis.data.go.kr timed out. (connect timeout=30)'))",,2026-07-10 15:35:18,2026-09-12 00:20:15,,다음 배치에서 자동 재시도됨,
064400-데이터확인,미해결,LG씨엔에스,064400,데이터 확인,처리오류,"종목 처리 중 오류로 건너뜀: HTTPSConnectionPool(host='apis.data.go.kr', port=443): Max retries exceeded with url: /1160100/GetStocIssuInfoService_V3/getLockUpRetuInfo_V3?serviceKey=<REDACTED>&pageNo=1&numOfRows=100&resultType=json&stckIssuCmpyNm=LG%EC%94%A8%EC%97%94%EC%97%90%EC%8A%A4 (Caused by ConnectTimeoutError(<HTTPSConnection(host='apis.data.go.kr', port=443) at 0x7f246e24e540>, 'Connection to apis.data.go.kr timed out. (connect timeout=30)'))",,2026-07-10 20:25:47,2026-09-12 00:19:45,,candidate_tables=0,
452450-데이터확인,미해결,피아이이,452450,데이터 확인,처리오류,"종목 처리 중 오류로 건너뜀: HTTPSConnectionPool(host='apis.data.go.kr', port=443): Max retries exceeded with url: /1160100/GetStocIssuInfoService_V3/getLockUpRetuInfo_V3?serviceKey=<REDACTED>&pageNo=1&numOfRows=100&resultType=json&stckIssuCmpyNm=%ED%94%BC%EC%95%84%EC%9D%B4%EC%9D%B4 (Caused by ConnectTimeoutError(<HTTPSConnection(host='apis.data.go.kr', port=443) at 0x7f24786aec30>, 'Connection to apis.data.go.kr timed out. (connect timeout=30)'))",,2026-07-10 15:35:19,2026-09-12 00:19:15,,다음 배치에서 자동 재시도됨,
462980-데이터확인,미해결,아이지넷,462980,데이터 확인,처리오류,"종목 처리 중 오류로 건너뜀: HTTPSConnectionPool(host='apis.data.go.kr', port=443): Max retries exceeded with url: /1160100/GetStocIssuInfoService_V3/getLockUpRetuInfo_V3?serviceKey=<REDACTED>&pageNo=1&numOfRows=100&resultType=json&stckIssuCmpyNm=%EC%95%84%EC%9D%B4%EC%A7%80%EB%84%B7 (Caused by ConnectTimeoutError(<HTTPSConnection(host='apis.data.go.kr', port=443) at 0x7f2476d0e630>, 'Connection to apis.data.go.kr timed out. (connect timeout=30)'))",,2026-08-04 00:44:11,2026-09-12 00:18:44,,다음 배치에서 자동 재시도됨,
482630-데이터확인,미해결,삼양엔씨켐,482630,데이터 확인,처리오류,"종목 처리 중 오류로 건너뜀: HTTPSConnectionPool(host='apis.data.go.kr', port=443): Max retries exceeded with url: /1160100/GetStocIssuInfoService_V3/getLockUpRetuInfo_V3?serviceKey=<REDACTED>&pageNo=1&numOfRows=100&resultType=json&stckIssuCmpyNm=%EC%82%BC%EC%96%91%EC%97%94%EC%94%A8%EC%BC%90 (Caused by ConnectTimeoutError(<HTTPSConnection(host='apis.data.go.kr', port=443) at 0x7f2478979190>, 'Connection to apis.data.go.kr timed out. (connect timeout=30)'))",,2026-08-04 00:43:41,2026-09-12 00:18:14,,다음 배치에서 자동 재시도됨,
096250-데이터확인,미해결,와이즈넛,096250,데이터 확인,처리오류,"종목 처리 중 오류로 건너뜀: HTTPSConnectionPool(host='apis.data.go.kr', port=443): Max retries exceeded with url: /1160100/GetStocIssuInfoService_V3/getLockUpRetuInfo_V3?serviceKey=<REDACTED>&pageNo=1&numOfRows=100&resultType=json&stckIssuCmpyNm=%EC%99%80%EC%9D%B4%EC%A6%88%EB%84%9B (Caused by ConnectTimeoutError(<HTTPSConnection(host='apis.data.go.kr', port=443) at 0x7f2478979220>, 'Connection to apis.data.go.kr timed out. (connect timeout=30)'))",,2026-08-04 00:43:11,2026-09-12 00:17:44,,다음 배치에서 자동 재시도됨,
450950-데이터확인,미해결,아스테라시스,450950,데이터 확인,처리오류,"종목 처리 중 오류로 건너뜀: HTTPSConnectionPool(host='apis.data.go.kr', port=443): Max retries exceeded with url: /1160100/GetStocIssuInfoService_V3/getLockUpRetuInfo_V3?serviceKey=<REDACTED>&pageNo=1&numOfRows=100&resultType=json&stckIssuCmpyNm=%EC%95%84%EC%8A%A4%ED%85%8C%EB%9D%BC%EC%8B%9C%EC%8A%A4 (Caused by ConnectTimeoutError(<HTTPSConnection(host='apis.data.go.kr', port=443) at 0x7f24789781a0>, 'Connection to apis.data.go.kr timed out. (connect timeout=30)'))",,2026-07-10 20:27:45,2026-09-12 00:17:14,,candidate_tables=0,
373160-데이터확인,미해결,데이원컴퍼니,373160,데이터 확인,처리오류,"종목 처리 중 오류로 건너뜀: HTTPSConnectionPool(host='apis.data.go.kr', port=443): Max retries exceeded with url: /1160100/GetStocIssuInfoService_V3/getLockUpRetuInfo_V3?serviceKey=<REDACTED>&pageNo=1&numOfRows=100&resultType=json&stckIssuCmpyNm=%EB%8D%B0%EC%9D%B4%EC%9B%90%EC%BB%B4%ED%8D%BC%EB%8B%88 (Caused by ConnectTimeoutError(<HTTPSConnection(host='apis.data.go.kr', port=443) at 0x7f24780130b0>, 'Connection to apis.data.go.kr timed out. (connect timeout=30)'))",,2026-07-11 08:15:12,2026-09-12 00:16:44,,다음 배치에서 자동 재시도됨,
475460-데이터확인,미해결,미트박스,475460,데이터 확인,처리오류,"종목 처리 중 오류로 건너뜀: HTTPSConnectionPool(host='apis.data.go.kr', port=443): Max retries exceeded with url: /1160100/GetStocIssuInfoService_V3/getLockUpRetuInfo_V3?serviceKey=<REDACTED>&pageNo=1&numOfRows=100&resultType=json&stckIssuCmpyNm=%EB%AF%B8%ED%8A%B8%EB%B0%95%EC%8A%A4 (Caused by ConnectTimeoutError(<HTTPSConnection(host='apis.data.go.kr', port=443) at 0x7f24736afb00>, 'Connection to apis.data.go.kr timed out. (connect timeout=30)'))",,2026-07-10 20:27:48,2026-09-12 00:16:05,,candidate_tables=0,
387570-데이터확인,미해결,파인메딕스,387570,데이터 확인,처리오류,"종목 처리 중 오류로 건너뜀: HTTPSConnectionPool(host='apis.data.go.kr', port=443): Max retries exceeded with url: /1160100/GetStocIssuInfoService_V3/getLockUpRetuInfo_V3?serviceKey=<REDACTED>&pageNo=1&numOfRows=100&resultType=json&stckIssuCmpyNm=%ED%8C%8C%EC%9D%B8%EB%A9%94%EB%94%95%EC%8A%A4 (Caused by ConnectTimeoutError(<HTTPSConnection(host='apis.data.go.kr', port=443) at 0x7f2471760920>, 'Connection to apis.data.go.kr timed out. (connect timeout=30)'))",,2026-08-04 00:40:40,2026-09-12 00:15:25,,다음 배치에서 자동 재시도됨,
177900-데이터확인,미해결,쓰리에이로직스,177900,데이터 확인,처리오류,"종목 처리 중 오류로 건너뜀: HTTPSConnectionPool(host='apis.data.go.kr', port=443): Max retries exceeded with url: /1160100/GetStocIssuInfoService_V3/getLockUpRetuInfo_V3?serviceKey=<REDACTED>&pageNo=1&numOfRows=100&resultType=json&stckIssuCmpyNm=%EC%93%B0%EB%A6%AC%EC%97%90%EC%9D%B4%EB%A1%9C%EC%A7%81%EC%8A%A4 (Caused by ConnectTimeoutError(<HTTPSConnection(host='apis.data.go.kr', port=443) at 0x7f2471be65d0>, 'Connection to apis.data.go.kr timed out. (connect timeout=30)'))",,2026-08-04 00:40:09,2026-09-12 00:14:55,,다음 배치에서 자동 재시도됨,
476060-데이터확인,미해결,온코닉테라퓨틱스,476060,데이터 확인,처리오류,"종목 처리 중 오류로 건너뜀: HTTPSConnectionPool(host='apis.data.go.kr', port=443): Max retries exceeded with url: /1160100/GetStocIssuInfoService_V3/getLockUpRetuInfo_V3?serviceKey=<REDACTED>&pageNo=1&numOfRows=100&resultType=json&stckIssuCmpyNm=%EC%98%A8%EC%BD%94%EB%8B%89%ED%85%8C%EB%9D%BC%ED%93%A8%ED%8B%B1%EC%8A%A4 (Caused by ConnectTimeoutError(<HTTPSConnection(host='apis.data.go.kr', port=443) at 0x7f247f9be480>, 'Connection to apis.data.go.kr timed out. (connect timeout=30)'))",,2026-07-10 20:27:51,2026-09-12 00:14:24,,candidate_tables=0,
382150-데이터확인,미해결,온코크로스,382150,데이터 확인,처리오류,"종목 처리 중 오류로 건너뜀: HTTPSConnectionPool(host='apis.data.go.kr', port=443): Max retries exceeded with url: /1160100/GetStocIssuInfoService_V3/getLockUpRetuInfo_V3?serviceKey=<REDACTED>&pageNo=1&numOfRows=100&resultType=json&stckIssuCmpyNm=%EC%98%A8%EC%BD%94%ED%81%AC%EB%A1%9C%EC%8A%A4 (Caused by ConnectTimeoutError(<HTTPSConnection(host='apis.data.go.kr', port=443) at 0x7f2471c2c470>, 'Connection to apis.data.go.kr timed out. (connect timeout=30)'))",,2026-08-04 00:39:09,2026-09-12 00:13:54,,다음 배치에서 자동 재시도됨,
484870-데이터확인,미해결,엠앤씨솔루션,484870,데이터 확인,처리오류,"종목 처리 중 오류로 건너뜀: HTTPSConnectionPool(host='apis.data.go.kr', port=443): Max retries exceeded with url: /1160100/GetStocIssuInfoService_V3/getLockUpRetuInfo_V3?serviceKey=<REDACTED>&pageNo=1&numOfRows=100&resultType=json&stckIssuCmpyNm=%EC%97%A0%EC%95%A4%EC%94%A8%EC%86%94%EB%A3%A8%EC%85%98 (Caused by ConnectTimeoutError(<HTTPSConnection(host='apis.data.go.kr', port=443) at 0x7f2470d01370>, 'Connection to apis.data.go.kr timed out. (connect timeout=30)'))",,2026-07-10 20:25:50,2026-09-12 00:13:24,,candidate_tables=0,
457600-데이터확인,미해결,벡트,457600,데이터 확인,처리오류,"종목 처리 중 오류로 건너뜀: HTTPSConnectionPool(host='apis.data.go.kr', port=443): Max retries exceeded with url: /1160100/GetStocIssuInfoService_V3/getLockUpRetuInfo_V3?serviceKey=<REDACTED>&pageNo=1&numOfRows=100&resultType=json&stckIssuCmpyNm=%EB%B2%A1%ED%8A%B8 (Caused by ConnectTimeoutError(<HTTPSConnection(host='apis.data.go.kr', port=443) at 0x7f246eab7d10>, 'Connection to apis.data.go.kr timed out. (connect timeout=30)'))",,2026-07-22 12:53:19,2026-09-12 00:12:43,,수기입력 탭 확인 필요,
459100-데이터확인,미해결,위츠,459100,데이터 확인,처리오류,"종목 처리 중 오류로 건너뜀: HTTPSConnectionPool(host='apis.data.go.kr', port=443): Max retries exceeded with url: /1160100/GetStocIssuInfoService_V3/getLockUpRetuInfo_V3?serviceKey=<REDACTED>&pageNo=1&numOfRows=100&resultType=json&stckIssuCmpyNm=%EC%9C%84%EC%B8%A0 (Caused by ConnectTimeoutError(<HTTPSConnection(host='apis.data.go.kr', port=443) at 0x7f246eab5eb0>, 'Connection to apis.data.go.kr timed out. (connect timeout=30)'))",,2026-07-10 20:27:54,2026-09-12 00:12:13,,candidate_tables=0,
466410-데이터확인,미해결,사이냅소프트,466410,데이터 확인,처리오류,"종목 처리 중 오류로 건너뜀: HTTPSConnectionPool(host='apis.data.go.kr', port=443): Max retries exceeded with url: /1160100/GetStocIssuInfoService_V3/getLockUpRetuInfo_V3?serviceKey=<REDACTED>&pageNo=1&numOfRows=100&resultType=json&stckIssuCmpyNm=%EC%82%AC%EC%9D%B4%EB%83%85%EC%86%8C%ED%94%84%ED%8A%B8 (Caused by ConnectTimeoutError(<HTTPSConnection(host='apis.data.go.kr', port=443) at 0x7f246e3c7380>, 'Connection to apis.data.go.kr timed out. (connect timeout=30)'))",,2026-08-04 00:37:00,2026-09-12 00:11:42,,다음 배치에서 자동 재시도됨,
413390-데이터확인,미해결,엠오티,413390,데이터 확인,처리오류,"종목 처리 중 오류로 건너뜀: HTTPSConnectionPool(host='apis.data.go.kr', port=443): Max retries exceeded with url: /1160100/GetStocIssuInfoService_V3/getLockUpRetuInfo_V3?serviceKey=<REDACTED>&pageNo=1&numOfRows=100&resultType=json&stckIssuCmpyNm=%EC%97%A0%EC%98%A4%ED%8B%B0 (Caused by ConnectTimeoutError(<HTTPSConnection(host='apis.data.go.kr', port=443) at 0x7f246eafcf80>, 'Connection to apis.data.go.kr timed out. (connect timeout=30)'))",,2026-07-10 15:37:48,2026-09-12 00:11:12,,다음 배치에서 자동 재시도됨,
475660-데이터확인,미해결,에스켐,475660,데이터 확인,처리오류,"종목 처리 중 오류로 건너뜀: HTTPSConnectionPool(host='apis.data.go.kr', port=443): Max retries exceeded with url: /1160100/GetStocIssuInfoService_V3/getLockUpRetuInfo_V3?serviceKey=<REDACTED>&pageNo=1&numOfRows=100&resultType=json&stckIssuCmpyNm=%EC%97%90%EC%8A%A4%EC%BC%90 (Caused by ConnectTimeoutError(<HTTPSConnection(host='apis.data.go.kr', port=443) at 0x7f246eab4b90>, 'Connection to apis.data.go.kr timed out. (connect timeout=30)'))",,2026-07-10 20:27:58,2026-09-12 00:10:42,,candidate_tables=0,
394800-데이터확인,미해결,쓰리빌리언,394800,데이터 확인,처리오류,"종목 처리 중 오류로 건너뜀: HTTPSConnectionPool(host='apis.data.go.kr', port=443): Max retries exceeded with url: /1160100/GetStocIssuInfoService_V3/getLockUpRetuInfo_V3?serviceKey=<REDACTED>&pageNo=1&numOfRows=100&resultType=json&stckIssuCmpyNm=%EC%93%B0%EB%A6%AC%EB%B9%8C%EB%A6%AC%EC%96%B8 (Caused by ConnectTimeoutError(<HTTPSConnection(host='apis.data.go.kr', port=443) at 0x7f246eab5b20>, 'Connection to apis.data.go.kr timed out. (connect timeout=30)'))",,2026-08-04 00:35:18,2026-09-12 00:10:12,,다음 배치에서 자동 재시도됨,
464580-데이터확인,미해결,닷밀,464580,데이터 확인,처리오류,"종목 처리 중 오류로 건너뜀: HTTPSConnectionPool(host='apis.data.go.kr', port=443): Max retries exceeded with url: /1160100/GetStocIssuInfoService_V3/getLockUpRetuInfo_V3?serviceKey=<REDACTED>&pageNo=1&numOfRows=100&resultType=json&stckIssuCmpyNm=%EB%8B%B7%EB%B0%80 (Caused by ConnectTimeoutError(<HTTPSConnection(host='apis.data.go.kr', port=443) at 0x7f246eab7860>, 'Connection to apis.data.go.kr timed out. (connect timeout=30)'))",,2026-07-10 20:28:01,2026-09-12 00:09:41,,candidate_tables=0,
473980-데이터확인,미해결,노머스,473980,데이터 확인,처리오류,"종목 처리 중 오류로 건너뜀: HTTPSConnectionPool(host='apis.data.go.kr', port=443): Max retries exceeded with url: /1160100/GetStocIssuInfoService_V3/getLockUpRetuInfo_V3?serviceKey=<REDACTED>&pageNo=1&numOfRows=100&resultType=json&stckIssuCmpyNm=%EB%85%B8%EB%A8%B8%EC%8A%A4 (Caused by ConnectTimeoutError(<HTTPSConnection(host='apis.data.go.kr', port=443) at 0x7f246eab70e0>, 'Connection to apis.data.go.kr timed out. (connect timeout=30)'))",,2026-08-04 00:34:18,2026-09-12 00:09:11,,다음 배치에서 자동 재시도됨,
163280-데이터확인,미해결,에어레인,163280,데이터 확인,처리오류,"종목 처리 중 오류로 건너뜀: HTTPSConnectionPool(host='apis.data.go.kr', port=443): Max retries exceeded with url: /1160100/GetStocIssuInfoService_V3/getLockUpRetuInfo_V3?serviceKey=<REDACTED>&pageNo=1&numOfRows=100&resultType=json&stckIssuCmpyNm=%EC%97%90%EC%96%B4%EB%A0%88%EC%9D%B8 (Caused by ConnectTimeoutError(<HTTPSConnection(host='apis.data.go.kr', port=443) at 0x7f246eafddf0>, 'Connection to apis.data.go.kr timed out. (connect timeout=30)'))",,2026-08-04 00:33:48,2026-09-12 00:08:41,,다음 배치에서 자동 재시도됨,
475960-데이터확인,미해결,토모큐브,475960,데이터 확인,처리오류,"종목 처리 중 오류로 건너뜀: HTTPSConnectionPool(host='apis.data.go.kr', port=443): Max retries exceeded with url: /1160100/GetStocIssuInfoService_V3/getLockUpRetuInfo_V3?serviceKey=<REDACTED>&pageNo=1&numOfRows=100&resultType=json&stckIssuCmpyNm=%ED%86%A0%EB%AA%A8%ED%81%90%EB%B8%8C (Caused by ConnectTimeoutError(<HTTPSConnection(host='apis.data.go.kr', port=443) at 0x7f246eafc080>, 'Connection to apis.data.go.kr timed out. (connect timeout=30)'))",,2026-07-10 15:38:30,2026-09-12 00:08:10,,다음 배치에서 자동 재시도됨,
475560-데이터확인,미해결,더본코리아,475560,데이터 확인,처리오류,"종목 처리 중 오류로 건너뜀: HTTPSConnectionPool(host='apis.data.go.kr', port=443): Max retries exceeded with url: /1160100/GetStocIssuInfoService_V3/getLockUpRetuInfo_V3?serviceKey=<REDACTED>&pageNo=1&numOfRows=100&resultType=json&stckIssuCmpyNm=%EB%8D%94%EB%B3%B8%EC%BD%94%EB%A6%AC%EC%95%84 (Caused by ConnectTimeoutError(<HTTPSConnection(host='apis.data.go.kr', port=443) at 0x7f246e40b8f0>, 'Connection to apis.data.go.kr timed out. (connect timeout=30)'))",,2026-08-04 00:32:47,2026-09-12 00:07:40,,다음 배치에서 자동 재시도됨,
376270-데이터확인,미해결,에이치이엠파마,376270,데이터 확인,처리오류,"종목 처리 중 오류로 건너뜀: HTTPSConnectionPool(host='apis.data.go.kr', port=443): Max retries exceeded with url: /1160100/GetStocIssuInfoService_V3/getLockUpRetuInfo_V3?serviceKey=<REDACTED>&pageNo=1&numOfRows=100&resultType=json&stckIssuCmpyNm=%EC%97%90%EC%9D%B4%EC%B9%98%EC%9D%B4%EC%97%A0%ED%8C%8C%EB%A7%88 (Caused by ConnectTimeoutError(<HTTPSConnection(host='apis.data.go.kr', port=443) at 0x7f246eab67b0>, 'Connection to apis.data.go.kr timed out. (connect timeout=30)'))",,2026-07-10 20:28:07,2026-09-12 00:07:10,,candidate_tables=0,
336680-데이터확인,미해결,탑런토탈솔루션,336680,데이터 확인,처리오류,"종목 처리 중 오류로 건너뜀: HTTPSConnectionPool(host='apis.data.go.kr', port=443): Max retries exceeded with url: /1160100/GetStocIssuInfoService_V3/getLockUpRetuInfo_V3?serviceKey=<REDACTED>&pageNo=1&numOfRows=100&resultType=json&stckIssuCmpyNm=%ED%83%91%EB%9F%B0%ED%86%A0%ED%83%88%EC%86%94%EB%A3%A8%EC%85%98 (Caused by ConnectTimeoutError(<HTTPSConnection(host='apis.data.go.kr', port=443) at 0x7f246eab5d60>, 'Connection to apis.data.go.kr timed out. (connect timeout=30)'))",,2026-07-22 12:54:56,2026-09-12 00:06:40,,수기입력 탭 확인 필요,
475580-데이터확인,미해결,에이럭스,475580,데이터 확인,처리오류,"종목 처리 중 오류로 건너뜀: HTTPSConnectionPool(host='apis.data.go.kr', port=443): Max retries exceeded with url: /1160100/GetStocIssuInfoService_V3/getLockUpRetuInfo_V3?serviceKey=<REDACTED>&pageNo=1&numOfRows=100&resultType=json&stckIssuCmpyNm=%EC%97%90%EC%9D%B4%EB%9F%AD%EC%8A%A4 (Caused by ConnectTimeoutError(<HTTPSConnection(host='apis.data.go.kr', port=443) at 0x7f246eab5ee0>, 'Connection to apis.data.go.kr timed out. (connect timeout=30)'))",,2026-08-04 00:31:08,2026-09-12 00:06:10,,다음 배치에서 자동 재시도됨,
458650-데이터확인,미해결,성우,458650,데이터 확인,처리오류,"종목 처리 중 오류로 건너뜀: HTTPSConnectionPool(host='apis.data.go.kr', port=443): Max retries exceeded with url: /1160100/GetStocIssuInfoService_V3/getLockUpRetuInfo_V3?serviceKey=<REDACTED>&pageNo=1&numOfRows=100&resultType=json&stckIssuCmpyNm=%EC%84%B1%EC%9A%B0 (Caused by ConnectTimeoutError(<HTTPSConnection(host='apis.data.go.kr', port=443) at 0x7f2480df9280>, 'Connection to apis.data.go.kr timed out. (connect timeout=30)'))",,2026-07-22 12:53:30,2026-09-12 00:05:39,,수기입력 탭 확인 필요,
466100-데이터확인,미해결,클로봇,466100,데이터 확인,처리오류,"종목 처리 중 오류로 건너뜀: HTTPSConnectionPool(host='apis.data.go.kr', port=443): Max retries exceeded with url: /1160100/GetStocIssuInfoService_V3/getLockUpRetuInfo_V3?serviceKey=<REDACTED>&pageNo=1&numOfRows=100&resultType=json&stckIssuCmpyNm=%ED%81%B4%EB%A1%9C%EB%B4%87 (Caused by ConnectTimeoutError(<HTTPSConnection(host='apis.data.go.kr', port=443) at 0x7f246eafd100>, 'Connection to apis.data.go.kr timed out. (connect timeout=30)'))",,2026-07-10 20:28:11,2026-09-12 00:05:09,,candidate_tables=0,
289930-데이터확인,미해결,웨이비스,289930,데이터 확인,처리오류,"종목 처리 중 오류로 건너뜀: HTTPSConnectionPool(host='apis.data.go.kr', port=443): Max retries exceeded with url: /1160100/GetStocIssuInfoService_V3/getLockUpRetuInfo_V3?serviceKey=<REDACTED>&pageNo=1&numOfRows=100&resultType=json&stckIssuCmpyNm=%EC%9B%A8%EC%9D%B4%EB%B9%84%EC%8A%A4 (Caused by ConnectTimeoutError(<HTTPSConnection(host='apis.data.go.kr', port=443) at 0x7f246eafd880>, 'Connection to apis.data.go.kr timed out. (connect timeout=30)'))",,2026-08-04 00:29:38,2026-09-12 00:04:39,,다음 배치에서 자동 재시도됨,
475400-데이터확인,미해결,씨메스로보틱스,475400,데이터 확인,처리오류,"종목 처리 중 오류로 건너뜀: HTTPSConnectionPool(host='apis.data.go.kr', port=443): Max retries exceeded with url: /1160100/GetStocIssuInfoService_V3/getLockUpRetuInfo_V3?serviceKey=<REDACTED>&pageNo=1&numOfRows=100&resultType=json&stckIssuCmpyNm=%EC%94%A8%EB%A9%94%EC%8A%A4%EB%A1%9C%EB%B3%B4%ED%8B%B1%EC%8A%A4 (Caused by ConnectTimeoutError(<HTTPSConnection(host='apis.data.go.kr', port=443) at 0x7f246eab5850>, 'Connection to apis.data.go.kr timed out. (connect timeout=30)'))",,2026-08-04 00:28:37,2026-09-12 00:04:09,,다음 배치에서 자동 재시도됨,
457370-데이터확인,미해결,한켐,457370,데이터 확인,처리오류,"종목 처리 중 오류로 건너뜀: HTTPSConnectionPool(host='apis.data.go.kr', port=443): Max retries exceeded with url: /1160100/GetStocIssuInfoService_V3/getLockUpRetuInfo_V3?serviceKey=<REDACTED>&pageNo=1&numOfRows=100&resultType=json&stckIssuCmpyNm=%ED%95%9C%EC%BC%90 (Caused by ConnectTimeoutError(<HTTPSConnection(host='apis.data.go.kr', port=443) at 0x7f246eab6930>, 'Connection to apis.data.go.kr timed out. (connect timeout=30)'))",,2026-08-04 00:28:07,2026-09-12 00:03:09,,다음 배치에서 자동 재시도됨,
474170-데이터확인,미해결,루미르,474170,데이터 확인,처리오류,"종목 처리 중 오류로 건너뜀: HTTPSConnectionPool(host='apis.data.go.kr', port=443): Max retries exceeded with url: /1160100/GetStocIssuInfoService_V3/getLockUpRetuInfo_V3?serviceKey=<REDACTED>&pageNo=1&numOfRows=100&resultType=json&stckIssuCmpyNm=%EB%A3%A8%EB%AF%B8%EB%A5%B4 (Caused by ConnectTimeoutError(<HTTPSConnection(host='apis.data.go.kr', port=443) at 0x7f246eafd9a0>, 'Connection to apis.data.go.kr timed out. (connect timeout=30)'))",,2026-08-04 00:27:37,2026-09-12 00:02:39,,다음 배치에서 자동 재시도됨,
465480-데이터확인,미해결,인스피언,465480,데이터 확인,처리오류,"종목 처리 중 오류로 건너뜀: HTTPSConnectionPool(host='apis.data.go.kr', port=443): Max retries exceeded with url: /1160100/GetStocIssuInfoService_V3/getLockUpRetuInfo_V3?serviceKey=<REDACTED>&pageNo=1&numOfRows=100&resultType=json&stckIssuCmpyNm=%EC%9D%B8%EC%8A%A4%ED%94%BC%EC%96%B8 (Caused by ConnectTimeoutError(<HTTPSConnection(host='apis.data.go.kr', port=443) at 0x7f246eafc380>, 'Connection to apis.data.go.kr timed out. (connect timeout=30)'))",,2026-08-04 00:27:07,2026-09-12 00:02:09,,다음 배치에서 자동 재시도됨,
209640-데이터확인,미해결,와이제이링크,209640,데이터 확인,처리오류,"종목 처리 중 오류로 건너뜀: HTTPSConnectionPool(host='apis.data.go.kr', port=443): Max retries exceeded with url: /1160100/GetStocIssuInfoService_V3/getLockUpRetuInfo_V3?serviceKey=<REDACTED>&pageNo=1&numOfRows=100&resultType=json&stckIssuCmpyNm=%EC%99%80%EC%9D%B4%EC%A0%9C%EC%9D%B4%EB%A7%81%ED%81%AC (Caused by ConnectTimeoutError(<HTTPSConnection(host='apis.data.go.kr', port=443) at 0x7f246e3c6cf0>, 'Connection to apis.data.go.kr timed out. (connect timeout=30)'))",,2026-07-10 15:39:34,2026-09-12 00:01:39,,다음 배치에서 자동 재시도됨,
308430-데이터확인,미해결,셀비온,308430,데이터 확인,처리오류,"종목 처리 중 오류로 건너뜀: HTTPSConnectionPool(host='apis.data.go.kr', port=443): Max retries exceeded with url: /1160100/GetStocIssuInfoService_V3/getLockUpRetuInfo_V3?serviceKey=<REDACTED>&pageNo=1&numOfRows=100&resultType=json&stckIssuCmpyNm=%EC%85%80%EB%B9%84%EC%98%A8 (Caused by ConnectTimeoutError(<HTTPSConnection(host='apis.data.go.kr', port=443) at 0x7f246eab6540>, 'Connection to apis.data.go.kr timed out. (connect timeout=30)'))",,2026-08-04 00:26:06,2026-09-12 00:01:09,,다음 배치에서 자동 재시도됨,
381620-데이터확인,미해결,제닉스,381620,데이터 확인,처리오류,"종목 처리 중 오류로 건너뜀: HTTPSConnectionPool(host='apis.data.go.kr', port=443): Max retries exceeded with url: /1160100/GetStocIssuInfoService_V3/getLockUpRetuInfo_V3?serviceKey=<REDACTED>&pageNo=1&numOfRows=100&resultType=json&stckIssuCmpyNm=%EC%A0%9C%EB%8B%89%EC%8A%A4 (Caused by ConnectTimeoutError(<HTTPSConnection(host='apis.data.go.kr', port=443) at 0x7f246eab7470>, 'Connection to apis.data.go.kr timed out. (connect timeout=30)'))",,2026-07-10 20:28:23,2026-09-12 00:00:38,,candidate_tables=0,
464500-데이터확인,미해결,아이언디바이스,464500,데이터 확인,처리오류,"종목 처리 중 오류로 건너뜀: HTTPSConnectionPool(host='apis.data.go.kr', port=443): Max retries exceeded with url: /1160100/GetStocIssuInfoService_V3/getLockUpRetuInfo_V3?serviceKey=<REDACTED>&pageNo=1&numOfRows=100&resultType=json&stckIssuCmpyNm=%EC%95%84%EC%9D%B4%EC%96%B8%EB%94%94%EB%B0%94%EC%9D%B4%EC%8A%A4 (Caused by ConnectTimeoutError(<HTTPSConnection(host='apis.data.go.kr', port=443) at 0x7f246eab5f10>, 'Connection to apis.data.go.kr timed out. (connect timeout=30)'))",,2026-07-10 20:28:26,2026-09-12 00:00:08,,candidate_tables=0,
461300-데이터확인,미해결,아이스크림미디어,461300,데이터 확인,처리오류,"종목 처리 중 오류로 건너뜀: HTTPSConnectionPool(host='apis.data.go.kr', port=443): Max retries exceeded with url: /1160100/GetStocIssuInfoService_V3/getLockUpRetuInfo_V3?serviceKey=<REDACTED>&pageNo=1&numOfRows=100&resultType=json&stckIssuCmpyNm=%EC%95%84%EC%9D%B4%EC%8A%A4%ED%81%AC%EB%A6%BC%EB%AF%B8%EB%94%94%EC%96%B4 (Caused by ConnectTimeoutError(<HTTPSConnection(host='apis.data.go.kr', port=443) at 0x7f246e3c7560>, 'Connection to apis.data.go.kr timed out. (connect timeout=30)'))",,2026-07-10 20:28:29,2026-09-11 23:59:38,,candidate_tables=0,
456070-데이터확인,미해결,이엔셀,456070,데이터 확인,처리오류,"종목 처리 중 오류로 건너뜀: HTTPSConnectionPool(host='apis.data.go.kr', port=443): Max retries exceeded with url: /1160100/GetStocIssuInfoService_V3/getLockUpRetuInfo_V3?serviceKey=<REDACTED>&pageNo=1&numOfRows=100&resultType=json&stckIssuCmpyNm=%EC%9D%B4%EC%97%94%EC%85%80 (Caused by ConnectTimeoutError(<HTTPSConnection(host='apis.data.go.kr', port=443) at 0x7f246eafc9e0>, 'Connection to apis.data.go.kr timed out. (connect timeout=30)'))",,2026-07-10 20:28:31,2026-09-11 23:59:08,,candidate_tables=0,
476080-데이터확인,미해결,M83,476080,데이터 확인,처리오류,"종목 처리 중 오류로 건너뜀: HTTPSConnectionPool(host='apis.data.go.kr', port=443): Max retries exceeded with url: /1160100/GetStocIssuInfoService_V3/getLockUpRetuInfo_V3?serviceKey=<REDACTED>&pageNo=1&numOfRows=100&resultType=json&stckIssuCmpyNm=M83 (Caused by ConnectTimeoutError(<HTTPSConnection(host='apis.data.go.kr', port=443) at 0x7f246eafdcd0>, 'Connection to apis.data.go.kr timed out. (connect timeout=30)'))",,2026-07-10 20:28:34,2026-09-11 23:58:37,,candidate_tables=0,
464280-데이터확인,미해결,티디에스팜,464280,데이터 확인,처리오류,"종목 처리 중 오류로 건너뜀: HTTPSConnectionPool(host='apis.data.go.kr', port=443): Max retries exceeded with url: /1160100/GetStocIssuInfoService_V3/getLockUpRetuInfo_V3?serviceKey=<REDACTED>&pageNo=1&numOfRows=100&resultType=json&stckIssuCmpyNm=%ED%8B%B0%EB%94%94%EC%97%90%EC%8A%A4%ED%8C%9C (Caused by ConnectTimeoutError(<HTTPSConnection(host='apis.data.go.kr', port=443) at 0x7f246eab5c40>, 'Connection to apis.data.go.kr timed out. (connect timeout=30)'))",,2026-07-10 20:28:37,2026-09-11 23:58:07,,candidate_tables=0,
431190-데이터확인,미해결,케이쓰리아이,431190,데이터 확인,처리오류,"종목 처리 중 오류로 건너뜀: HTTPSConnectionPool(host='apis.data.go.kr', port=443): Max retries exceeded with url: /1160100/GetStocIssuInfoService_V3/getLockUpRetuInfo_V3?serviceKey=<REDACTED>&pageNo=1&numOfRows=100&resultType=json&stckIssuCmpyNm=%EC%BC%80%EC%9D%B4%EC%93%B0%EB%A6%AC%EC%95%84%EC%9D%B4 (Caused by ConnectTimeoutError(<HTTPSConnection(host='apis.data.go.kr', port=443) at 0x7f246eab7860>, 'Connection to apis.data.go.kr timed out. (connect timeout=30)'))",,2026-07-10 20:28:43,2026-09-11 23:57:37,,candidate_tables=0,
389650-데이터확인,미해결,넥스트바이오메디컬,389650,데이터 확인,처리오류,"종목 처리 중 오류로 건너뜀: HTTPSConnectionPool(host='apis.data.go.kr', port=443): Max retries exceeded with url: /1160100/GetStocIssuInfoService_V3/getLockUpRetuInfo_V3?serviceKey=<REDACTED>&pageNo=1&numOfRows=100&resultType=json&stckIssuCmpyNm=%EB%84%A5%EC%8A%A4%ED%8A%B8%EB%B0%94%EC%9D%B4%EC%98%A4%EB%A9%94%EB%94%94%EC%BB%AC (Caused by ConnectTimeoutError(<HTTPSConnection(host='apis.data.go.kr', port=443) at 0x7f246eab6c90>, 'Connection to apis.data.go.kr timed out. (connect timeout=30)'))",,2026-07-10 20:28:40,2026-09-11 23:57:07,,candidate_tables=0,
079900-데이터확인,미해결,전진건설로봇,079900,데이터 확인,처리오류,"종목 처리 중 오류로 건너뜀: HTTPSConnectionPool(host='apis.data.go.kr', port=443): Max retries exceeded with url: /1160100/GetStocIssuInfoService_V3/getLockUpRetuInfo_V3?serviceKey=<REDACTED>&pageNo=1&numOfRows=100&resultType=json&stckIssuCmpyNm=%EC%A0%84%EC%A7%84%EA%B1%B4%EC%84%A4%EB%A1%9C%EB%B4%87 (Caused by ConnectTimeoutError(<HTTPSConnection(host='apis.data.go.kr', port=443) at 0x7f246eafddf0>, 'Connection to apis.data.go.kr timed out. (connect timeout=30)'))",,2026-07-10 20:25:53,2026-09-11 23:56:37,,candidate_tables=0,
088340-데이터확인,미해결,유라클,088340,데이터 확인,처리오류,"종목 처리 중 오류로 건너뜀: HTTPSConnectionPool(host='apis.data.go.kr', port=443): Max retries exceeded with url: /1160100/GetStocIssuInfoService_V3/getLockUpRetuInfo_V3?serviceKey=<REDACTED>&pageNo=1&numOfRows=100&resultType=json&stckIssuCmpyNm=%EC%9C%A0%EB%9D%BC%ED%81%B4 (Caused by ConnectTimeoutError(<HTTPSConnection(host='apis.data.go.kr', port=443) at 0x7f246eafd1c0>, 'Connection to apis.data.go.kr timed out. (connect timeout=30)'))",,2026-07-10 20:28:45,2026-09-11 23:56:07,,candidate_tables=0,
199480-데이터확인,미해결,뱅크웨어글로벌,199480,데이터 확인,처리오류,"종목 처리 중 오류로 건너뜀: HTTPSConnectionPool(host='apis.data.go.kr', port=443): Max retries exceeded with url: /1160100/GetStocIssuInfoService_V3/getLockUpRetuInfo_V3?serviceKey=<REDACTED>&pageNo=1&numOfRows=100&resultType=json&stckIssuCmpyNm=%EB%B1%85%ED%81%AC%EC%9B%A8%EC%96%B4%EA%B8%80%EB%A1%9C%EB%B2%8C (Caused by ConnectTimeoutError(<HTTPSConnection(host='apis.data.go.kr', port=443) at 0x7f246e5334d0>, 'Connection to apis.data.go.kr timed out. (connect timeout=30)'))",,2026-07-10 20:28:47,2026-09-11 23:55:37,,candidate_tables=0,
460470-데이터확인,미해결,아이빔테크놀로지,460470,데이터 확인,처리오류,"종목 처리 중 오류로 건너뜀: HTTPSConnectionPool(host='apis.data.go.kr', port=443): Max retries exceeded with url: /1160100/GetStocIssuInfoService_V3/getLockUpRetuInfo_V3?serviceKey=<REDACTED>&pageNo=1&numOfRows=100&resultType=json&stckIssuCmpyNm=%EC%95%84%EC%9D%B4%EB%B9%94%ED%85%8C%ED%81%AC%EB%86%80%EB%A1%9C%EC%A7%80 (Caused by ConnectTimeoutError(<HTTPSConnection(host='apis.data.go.kr', port=443) at 0x7f246eab6fc0>, 'Connection to apis.data.go.kr timed out. (connect timeout=30)'))",,2026-07-10 20:28:50,2026-09-11 23:55:07,,candidate_tables=0,
460940-데이터확인,미해결,피앤에스미캐닉스,460940,데이터 확인,처리오류,"종목 처리 중 오류로 건너뜀: HTTPSConnectionPool(host='apis.data.go.kr', port=443): Max retries exceeded with url: /1160100/GetStocIssuInfoService_V3/getLockUpRetuInfo_V3?serviceKey=<REDACTED>&pageNo=1&numOfRows=100&resultType=json&stckIssuCmpyNm=%ED%94%BC%EC%95%A4%EC%97%90%EC%8A%A4%EB%AF%B8%EC%BA%90%EB%8B%89%EC%8A%A4 (Caused by ConnectTimeoutError(<HTTPSConnection(host='apis.data.go.kr', port=443) at 0x7f246eab7440>, 'Connection to apis.data.go.kr timed out. (connect timeout=30)'))",,2026-07-10 20:28:53,2026-09-11 23:54:37,,candidate_tables=0,
062040-데이터확인,미해결,산일전기,062040,데이터 확인,처리오류,"종목 처리 중 오류로 건너뜀: HTTPSConnectionPool(host='apis.data.go.kr', port=443): Max retries exceeded with url: /1160100/GetStocIssuInfoService_V3/getLockUpRetuInfo_V3?serviceKey=<REDACTED>&pageNo=1&numOfRows=100&resultType=json&stckIssuCmpyNm=%EC%82%B0%EC%9D%BC%EC%A0%84%EA%B8%B0 (Caused by ConnectTimeoutError(<HTTPSConnection(host='apis.data.go.kr', port=443) at 0x7f246eab7fb0>, 'Connection to apis.data.go.kr timed out. (connect timeout=30)'))",,2026-07-10 20:25:54,2026-09-11 23:54:06,,candidate_tables=0,
373110-데이터확인,미해결,엑셀세라퓨틱스,373110,데이터 확인,처리오류,"종목 처리 중 오류로 건너뜀: HTTPSConnectionPool(host='apis.data.go.kr', port=443): Max retries exceeded with url: /1160100/GetStocIssuInfoService_V3/getLockUpRetuInfo_V3?serviceKey=<REDACTED>&pageNo=1&numOfRows=100&resultType=json&stckIssuCmpyNm=%EC%97%91%EC%85%80%EC%84%B8%EB%9D%BC%ED%93%A8%ED%8B%B1%EC%8A%A4 (Caused by ConnectTimeoutError(<HTTPSConnection(host='apis.data.go.kr', port=443) at 0x7f246eafca10>, 'Connection to apis.data.go.kr timed out. (connect timeout=30)'))",,2026-07-10 20:28:55,2026-09-11 23:53:36,,candidate_tables=0,
462870-데이터확인,미해결,시프트업,462870,데이터 확인,처리오류,"종목 처리 중 오류로 건너뜀: HTTPSConnectionPool(host='apis.data.go.kr', port=443): Max retries exceeded with url: /1160100/GetStocIssuInfoService_V3/getLockUpRetuInfo_V3?serviceKey=<REDACTED>&pageNo=1&numOfRows=100&resultType=json&stckIssuCmpyNm=%EC%8B%9C%ED%94%84%ED%8A%B8%EC%97%85 (Caused by ConnectTimeoutError(<HTTPSConnection(host='apis.data.go.kr', port=443) at 0x7f246eafd2b0>, 'Connection to apis.data.go.kr timed out. (connect timeout=30)'))",,2026-07-10 20:25:57,2026-09-11 23:53:06,,candidate_tables=0,
282620-DART파싱확인,미해결,기도산업,282620,DART 파싱 확인,DART처리오류,"DART 파싱 실패 — 기존값 유지 후 금융위 API 보강 계속: HTTPSConnectionPool(host='opendart.fss.or.kr', port=443): Max retries exceeded with url: /api/corpCode.xml?crtfc_key=e7b51140b7fc09dd04ea4b5e9a6301e7eedb69ac (Caused by ConnectTimeoutError(<HTTPSConnection(host='opendart.fss.or.kr', port=443) at 0x7f7844be3380>, 'Connection to opendart.fss.or.kr timed out. (connect timeout=60)'))",,2026-09-07 00:44:27,2026-09-08 16:07:54,,다음 배치에서 DART 자동 재시도됨,
318060-DART파싱확인,미해결,그래피,318060,DART 파싱 확인,DART처리오류,"DART 파싱 실패 — 기존값 유지 후 금융위 API 보강 계속: HTTPSConnectionPool(host='opendart.fss.or.kr', port=443): Max retries exceeded with url: /api/corpCode.xml?crtfc_key=e7b51140b7fc09dd04ea4b5e9a6301e7eedb69ac (Caused by ConnectTimeoutError(<HTTPSConnection(host='opendart.fss.or.kr', port=443) at 0x7f7844be3d40>, 'Connection to opendart.fss.or.kr timed out. (connect timeout=60)'))",,2026-08-17 02:57:18,2026-09-08 15:42:39,,다음 배치에서 DART 자동 재시도됨,
373160-DART파싱확인,미해결,데이원컴퍼니,373160,DART 파싱 확인,DART처리오류,"DART 파싱 실패 — 기존값 유지 후 금융위 API 보강 계속: HTTPSConnectionPool(host='opendart.fss.or.kr', port=443): Max retries exceeded with url: /api/corpCode.xml?crtfc_key=e7b51140b7fc09dd04ea4b5e9a6301e7eedb69ac (Caused by ConnectTimeoutError(<HTTPSConnection(host='opendart.fss.or.kr', port=443) at 0x7f7844bde1b0>, 'Connection to opendart.fss.or.kr timed out. (connect timeout=60)'))",,2026-08-17 02:31:36,2026-09-08 15:16:59,,다음 배치에서 DART 자동 재시도됨,
475460-DART파싱확인,미해결,미트박스,475460,DART 파싱 확인,DART처리오류,"DART 파싱 실패 — 기존값 유지 후 금융위 API 보강 계속: HTTPSConnectionPool(host='opendart.fss.or.kr', port=443): Max retries exceeded with url: /api/corpCode.xml?crtfc_key=e7b51140b7fc09dd04ea4b5e9a6301e7eedb69ac (Caused by ConnectTimeoutError(<HTTPSConnection(host='opendart.fss.or.kr', port=443) at 0x7f7844be4dd0>, 'Connection to opendart.fss.or.kr timed out. (connect timeout=60)'))",,2026-08-17 02:30:06,2026-09-08 15:15:29,,다음 배치에서 DART 자동 재시도됨,
484870-DART파싱확인,미해결,엠앤씨솔루션,484870,DART 파싱 확인,DART처리오류,"DART 파싱 실패 — 기존값 유지 후 금융위 API 보강 계속: HTTPSConnectionPool(host='opendart.fss.or.kr', port=443): Max retries exceeded with url: /api/corpCode.xml?crtfc_key=e7b51140b7fc09dd04ea4b5e9a6301e7eedb69ac (Caused by ConnectTimeoutError(<HTTPSConnection(host='opendart.fss.or.kr', port=443) at 0x7f7844be3bf0>, 'Connection to opendart.fss.or.kr timed out. (connect timeout=60)'))",,2026-08-17 02:26:34,2026-09-08 15:11:57,,다음 배치에서 DART 자동 재시도됨,
62040-데이터확인,미해결,62040,62040,데이터 확인,기존주주 · 6개월,수기입력 오류: KRX에서 종목코드를 찾지 못함 (코드/종목명 확인),예정일 2025-01-31 / 예정 22006600,2026-07-10 13:37:47,2026-08-10 13:02:43,,수기입력 탭 확인 필요,
475460-공모가파싱실패,미해결,미트박스,475460,공모가 파싱 실패,종목정보,DART 공모가 파싱 실패 — IPO종목 탭의 수동공모가 입력 필요,,2026-07-10 20:27:48,2026-07-10 21:41:18,,,
0017J0-데이터확인,미해결,세미티에스,0017J0,데이터 확인,구주·보호예수,상장 후 유통가능 주식수 현황 표 미발견,,2026-07-09 17:40:44,2026-07-09 17:40:44,,candidate_tables=0,
0017J0-DART파싱확인,미해결,세미티에스,0017J0,DART 파싱 확인,IPO기관,운영자 IPO 선택 종목의 IPO기관 락업 파싱 결과 없음,,2026-07-09 17:40:44,2026-07-09 17:40:44,,,
373110-공모가파싱실패,해결,엑셀세라퓨틱스,373110,공모가 파싱 실패,종목정보,DART 공모가 파싱 실패 — IPO종목 탭의 수동공모가 입력 필요,,2026-07-10 20:28:55,2026-07-10 21:42:12,2026-08-13 03:45:30,,
289930-공모가파싱실패,해결,웨이비스,289930,공모가 파싱 실패,종목정보,DART 공모가 파싱 실패 — IPO종목 탭의 수동공모가 입력 필요,,2026-07-10 20:28:11,2026-07-10 21:41:46,2026-07-10 13:37:47,,
376270-공모가파싱실패,해결,에이치이엠파마,376270,공모가 파싱 실패,종목정보,DART 공모가 파싱 실패 — IPO종목 탭의 수동공모가 입력 필요,,2026-07-10 20:28:07,2026-07-10 21:41:43,2026-08-13 03:45:30,,
475660-공모가파싱실패,해결,에스켐,475660,공모가 파싱 실패,종목정보,DART 공모가 파싱 실패 — IPO종목 탭의 수동공모가 입력 필요,,2026-07-10 20:27:58,2026-07-10 21:41:34,2026-07-10 13:37:47,,
450950-공모가파싱실패,해결,아스테라시스,450950,공모가 파싱 실패,종목정보,DART 공모가 파싱 실패 — IPO종목 탭의 수동공모가 입력 필요,,2026-07-10 20:27:45,2026-07-10 21:41:15,2026-08-13 03:45:30,,
373160-공모가파싱실패,해결,데이원컴퍼니,373160,공모가 파싱 실패,종목정보,DART 공모가 파싱 실패 — IPO종목 탭의 수동공모가 입력 필요,,2026-07-10 20:27:42,2026-07-10 21:41:12,2026-07-10 13:37:47,,
424870-공모가파싱실패,해결,이뮨온시아,424870,공모가 파싱 실패,종목정보,DART 공모가 파싱 실패 — IPO종목 탭의 수동공모가 입력 필요,,2026-07-10 20:27:18,2026-07-10 21:40:32,2026-08-13 03:45:30,,
484870-공모가파싱실패,해결,엠앤씨솔루션,484870,공모가 파싱 실패,종목정보,DART 공모가 파싱 실패 — IPO종목 탭의 수동공모가 입력 필요,,2026-07-10 20:25:50,2026-07-10 21:39:09,2026-08-15 16:03:22,,
460940-공모가파싱실패,해결,피앤에스미캐닉스,460940,공모가 파싱 실패,종목정보,DART 공모가 파싱 실패 — IPO종목 탭의 수동공모가 입력 필요,,2026-07-10 20:28:53,2026-07-10 21:33:33,2026-07-10 21:42:12,,
199480-공모가파싱실패,해결,뱅크웨어글로벌,199480,공모가 파싱 실패,종목정보,DART 공모가 파싱 실패 — IPO종목 탭의 수동공모가 입력 필요,,2026-07-10 20:28:47,2026-07-10 21:33:31,2026-07-10 21:42:12,,
088340-공모가파싱실패,해결,유라클,088340,공모가 파싱 실패,종목정보,DART 공모가 파싱 실패 — IPO종목 탭의 수동공모가 입력 필요,,2026-07-10 20:28:45,2026-07-10 21:33:28,2026-07-10 21:42:12,,
431190-공모가파싱실패,해결,케이쓰리아이,431190,공모가 파싱 실패,종목정보,DART 공모가 파싱 실패 — IPO종목 탭의 수동공모가 입력 필요,,2026-07-10 20:28:43,2026-07-10 21:33:26,2026-07-10 21:42:12,,
464500-공모가파싱실패,해결,아이언디바이스,464500,공모가 파싱 실패,종목정보,DART 공모가 파싱 실패 — IPO종목 탭의 수동공모가 입력 필요,,2026-07-10 20:28:26,2026-07-10 21:33:20,2026-07-10 21:42:12,,
308430-공모가파싱실패,해결,셀비온,308430,공모가 파싱 실패,종목정보,DART 공모가 파싱 실패 — IPO종목 탭의 수동공모가 입력 필요,,2026-07-10 20:28:21,2026-07-10 21:33:16,2026-07-10 21:42:12,,
473980-공모가파싱실패,해결,노머스,473980,공모가 파싱 실패,종목정보,DART 공모가 파싱 실패 — IPO종목 탭의 수동공모가 입력 필요,,2026-07-10 20:28:03,2026-07-10 21:32:56,2026-07-10 21:42:12,,
464580-공모가파싱실패,해결,닷밀,464580,공모가 파싱 실패,종목정보,DART 공모가 파싱 실패 — IPO종목 탭의 수동공모가 입력 필요,,2026-07-10 20:28:01,2026-07-10 21:32:54,2026-07-10 21:42:12,,
459100-공모가파싱실패,해결,위츠,459100,공모가 파싱 실패,종목정보,DART 공모가 파싱 실패 — IPO종목 탭의 수동공모가 입력 필요,,2026-07-10 20:27:54,2026-07-10 21:32:47,2026-07-10 21:42:12,,
463480-공모가파싱실패,해결,모티브링크,463480,공모가 파싱 실패,종목정보,DART 공모가 파싱 실패 — IPO종목 탭의 수동공모가 입력 필요,,2026-07-10 20:27:35,2026-07-10 21:32:26,2026-07-10 21:42:12,,
479960-공모가파싱실패,해결,위너스,479960,공모가 파싱 실패,종목정보,DART 공모가 파싱 실패 — IPO종목 탭의 수동공모가 입력 필요,,2026-07-10 20:27:33,2026-07-10 21:32:23,2026-07-10 21:42:12,,
098070-공모가파싱실패,해결,한텍,098070,공모가 파싱 실패,종목정보,DART 공모가 파싱 실패 — IPO종목 탭의 수동공모가 입력 필요,,2026-07-10 20:27:28,2026-07-10 21:32:17,2026-07-10 21:42:12,,
444530-공모가파싱실패,해결,심플랫폼,444530,공모가 파싱 실패,종목정보,DART 공모가 파싱 실패 — IPO종목 탭의 수동공모가 입력 필요,,2026-07-10 20:27:28,2026-07-10 21:32:14,2026-07-10 21:42:12,,
481070-공모가파싱실패,해결,에이유브랜즈,481070,공모가 파싱 실패,종목정보,DART 공모가 파싱 실패 — IPO종목 탭의 수동공모가 입력 필요,,2026-07-10 20:27:25,2026-07-10 21:32:12,2026-07-10 21:42:12,,
376900-공모가파싱실패,해결,로킷헬스케어,376900,공모가 파싱 실패,종목정보,DART 공모가 파싱 실패 — IPO종목 탭의 수동공모가 입력 필요,,2026-07-10 20:27:20,2026-07-10 21:32:05,2026-07-10 21:42:12,,
287840-공모가파싱실패,해결,인투셀,287840,공모가 파싱 실패,종목정보,DART 공모가 파싱 실패 — IPO종목 탭의 수동공모가 입력 필요,,2026-07-10 20:27:14,2026-07-10 21:31:59,2026-07-10 21:42:12,,
234030-공모가파싱실패,해결,싸이닉솔루션,234030,공모가 파싱 실패,종목정보,DART 공모가 파싱 실패 — IPO종목 탭의 수동공모가 입력 필요,,2026-07-10 20:27:11,2026-07-10 21:31:54,2026-07-10 21:42:12,,
331740-공모가파싱실패,해결,아우토크립트,331740,공모가 파싱 실패,종목정보,DART 공모가 파싱 실패 — IPO종목 탭의 수동공모가 입력 필요,,2026-07-10 20:27:08,2026-07-10 21:31:51,2026-07-10 21:42:12,,
484120-공모가파싱실패,해결,도우인시스,484120,공모가 파싱 실패,종목정보,DART 공모가 파싱 실패 — IPO종목 탭의 수동공모가 입력 필요,,2026-07-10 20:27:06,2026-07-10 21:31:48,2026-07-10 21:42:12,,
380550-공모가파싱실패,해결,뉴로핏,380550,공모가 파싱 실패,종목정보,DART 공모가 파싱 실패 — IPO종목 탭의 수동공모가 입력 필요,,2026-07-10 20:27:04,2026-07-10 21:31:46,2026-07-10 21:42:12,,
456160-공모가파싱실패,해결,지투지바이오,456160,공모가 파싱 실패,종목정보,DART 공모가 파싱 실패 — IPO종목 탭의 수동공모가 입력 필요,,2026-07-10 20:26:57,2026-07-10 21:31:42,2026-07-10 21:42:12,,
0008Z0-공모가파싱실패,해결,에스엔시스,0008Z0,공모가 파싱 실패,종목정보,DART 공모가 파싱 실패 — IPO종목 탭의 수동공모가 입력 필요,,2026-07-10 20:26:53,2026-07-10 21:31:39,2026-07-10 21:42:12,,
125490-공모가파싱실패,해결,한라캐스트,125490,공모가 파싱 실패,종목정보,DART 공모가 파싱 실패 — IPO종목 탭의 수동공모가 입력 필요,,2026-07-10 20:26:51,2026-07-10 21:31:36,2026-07-10 21:42:12,,
488280-공모가파싱실패,해결,에스투더블유,488280,공모가 파싱 실패,종목정보,DART 공모가 파싱 실패 — IPO종목 탭의 수동공모가 입력 필요,,2026-07-10 20:26:45,2026-07-10 21:31:29,2026-07-10 21:42:12,,
469610-공모가파싱실패,해결,이노테크,469610,공모가 파싱 실패,종목정보,DART 공모가 파싱 실패 — IPO종목 탭의 수동공모가 입력 필요,,2026-07-10 20:26:42,2026-07-10 21:31:26,2026-07-10 21:42:12,,
0013V0-공모가파싱실패,해결,삼진식품,0013V0,공모가 파싱 실패,종목정보,DART 공모가 파싱 실패 — IPO종목 탭의 수동공모가 입력 필요,,2026-07-10 20:26:23,2026-07-10 21:31:17,2026-07-10 21:42:12,,
079900-공모가파싱실패,해결,전진건설로봇,079900,공모가 파싱 실패,종목정보,DART 공모가 파싱 실패 — IPO종목 탭의 수동공모가 입력 필요,,2026-07-10 20:25:53,2026-07-10 21:30:56,2026-07-10 21:42:12,,
461300-공모가파싱실패,해결,아이스크림미디어,461300,공모가 파싱 실패,종목정보,DART 공모가 파싱 실패 — IPO종목 탭의 수동공모가 입력 필요,,2026-07-10 20:28:29,2026-07-10 21:12:01,2026-07-10 21:33:36,,
466100-공모가파싱실패,해결,클로봇,466100,공모가 파싱 실패,종목정보,DART 공모가 파싱 실패 — IPO종목 탭의 수동공모가 입력 필요,,2026-07-10 20:28:11,2026-07-10 21:11:46,2026-07-10 21:33:36,,
476060-공모가파싱실패,해결,온코닉테라퓨틱스,476060,공모가 파싱 실패,종목정보,DART 공모가 파싱 실패 — IPO종목 탭의 수동공모가 입력 필요,,2026-07-10 20:27:51,2026-07-10 21:11:20,2026-07-10 21:33:36,,
393970-공모가파싱실패,해결,대진첨단소재,393970,공모가 파싱 실패,종목정보,DART 공모가 파싱 실패 — IPO종목 탭의 수동공모가 입력 필요,,2026-07-10 20:27:30,2026-07-10 21:10:42,2026-07-10 21:33:36,,
459510-공모가파싱실패,해결,나우로보틱스,459510,공모가 파싱 실패,종목정보,DART 공모가 파싱 실패 — IPO종목 탭의 수동공모가 입력 필요,,2026-07-10 20:27:22,2026-07-10 21:10:30,2026-07-10 21:33:36,,
462870-공모가파싱실패,해결,시프트업,462870,공모가 파싱 실패,종목정보,DART 공모가 파싱 실패 — IPO종목 탭의 수동공모가 입력 필요,,2026-07-10 20:25:57,2026-07-10 21:09:08,2026-07-10 21:33:36,,
062040-공모가파싱실패,해결,산일전기,062040,공모가 파싱 실패,종목정보,DART 공모가 파싱 실패 — IPO종목 탭의 수동공모가 입력 필요,,2026-07-10 20:25:54,2026-07-10 21:09:05,2026-07-10 21:33:36,,
483650-공모가파싱실패,해결,달바글로벌,483650,공모가 파싱 실패,종목정보,DART 공모가 파싱 실패 — IPO종목 탭의 수동공모가 입력 필요,,2026-07-10 20:25:42,2026-07-10 21:08:57,2026-07-10 21:33:36,,
318060-공모가파싱실패,해결,그래피,318060,공모가 파싱 실패,종목정보,DART 공모가 파싱 실패 — IPO종목 탭의 수동공모가 입력 필요,,2026-07-10 20:26:48,2026-07-10 20:26:48,2026-07-10 21:12:20,,
064400-공모가파싱실패,해결,LG씨엔에스,064400,공모가 파싱 실패,종목정보,DART 공모가 파싱 실패 — IPO종목 탭의 수동공모가 입력 필요,,2026-07-10 20:25:47,2026-07-10 20:25:47,2026-07-10 21:42:12,,
